time,latitude,longitude,depth,mag,magType,nst,gap,dmin,rms,net,id,updated,place,type,horizontalError,depthError,magError,magNst,status,locationSource,magSource
2019-12-09T03:37:05.390Z,43.9891,11.3087,10,4.6,mwr,,38,0.433,0.96,us,us60006p36,2019-12-19T02:07:39.270Z,"3km W of Scarperia, Italy",earthquake,4.8,1.9,0.047,44,reviewed,us,us
2019-12-04T09:43:25.082Z,44.1333,30.4769,16.13,4.3,mb,,62,3.376,0.72,us,us60006lwu,2019-12-04T10:20:31.040Z,"122km SE of Crisan, Romania",earthquake,7,6.1,0.307,3,reviewed,us,us
2019-12-03T22:16:11.086Z,43.2808,17.9751,10,3.1,ml,,116,1.271,0.62,us,us60006ltp,2019-12-20T04:33:15.854Z,"7km ENE of Blagaj, Bosnia and Herzegovina",earthquake,4.6,1.8,0.081,20,reviewed,us,us
2019-12-01T03:03:49.495Z,43.2431,18.0606,4.94,4.1,mb,,35,1.2,0.78,us,us70006exe,2019-12-02T01:26:26.857Z,"4km WSW of Nevesinje, Bosnia and Herzegovina",earthquake,4.5,7.2,0.302,3,reviewed,us,us
2019-11-26T09:19:26.080Z,43.2415,17.9617,10,5.4,mww,,23,1.253,1.08,us,us70006d4h,2019-12-02T10:58:36.393Z,"6km ESE of Blagaj, Bosnia and Herzegovina",earthquake,5.6,1.8,0.058,29,reviewed,us,us
2019-11-08T01:26:05.904Z,42.6656,17.651,10,4.4,mb,,57,1.212,0.86,us,us600068y7,2019-12-06T03:04:47.040Z,"17km SE of Blato, Croatia",earthquake,5.6,1.9,0.156,12,reviewed,us,us
2019-11-02T14:11:34.527Z,44.3854,17.5423,10,4.7,mb,,39,2.153,1.25,us,us700062b9,2019-12-15T14:21:14.040Z,"15km N of Turbe, Bosnia and Herzegovina",earthquake,4.4,1.8,0.05,123,reviewed,us,us
2019-10-22T23:35:42.044Z,47.6057,12.2548,10,3.8,ml,,38,1.381,1.11,us,us70005xfs,2019-10-31T21:56:19.779Z,"4km E of Kiefersfelden, Germany",earthquake,1.7,2,0.047,60,reviewed,us,us
2019-10-08T21:49:23.948Z,42.8627,78.7119,23.81,4.5,mb,,53,0.429,1.24,us,us70005sbz,2019-10-30T03:28:40.995Z,"32km ENE of Tyup, Kyrgyzstan",earthquake,6,5.7,0.106,26,reviewed,us,us
2019-10-03T13:01:39.849Z,50.21,18.8257,5,2.8,ml,,160,0.625,0.97,us,us70005quq,2019-10-04T19:24:36.040Z,"3km SE of Paniowki, Poland",earthquake,3.8,2,0.115,10,reviewed,us,us
2019-09-22T04:28:53.868Z,44.7143,18.5295,10,2.9,ml,,151,2.144,0.64,us,us60005lxm,2019-12-10T17:27:03.040Z,"3km ENE of Srebrenik, Bosnia and Herzegovina",earthquake,3.8,2,0.071,26,reviewed,us,us
2019-09-20T23:34:02.458Z,43.0299,17.9569,9.97,3.2,ml,,60,1.132,0.73,us,us60005lp0,2019-12-10T17:27:00.040Z,"6km S of Stolac, Bosnia and Herzegovina",earthquake,6.6,12.1,0.051,50,reviewed,us,us
2019-09-07T23:22:00.908Z,45.415,26.1455,139.5,4.1,mb,,46,0.16,1.1,us,us70005daw,2019-11-30T19:36:52.040Z,"8km NNW of Chiojdu, Romania",earthquake,6.8,4.1,0.166,10,reviewed,us,us
2019-09-07T00:30:16.288Z,43.1853,76.8626,10,3.1,ml,,109,1.085,0.88,us,us70005d4m,2019-11-30T19:36:59.040Z,"10km SW of Almaty, Kazakhstan",earthquake,4.4,2,0.128,8,reviewed,us,us
2019-09-03T11:52:52.396Z,45.5087,26.2188,113.27,4.6,mb,,16,0.193,0.86,us,us70005bfn,2019-11-30T19:37:29.040Z,"12km NNW of Nehoiu, Romania",earthquake,6.4,6.9,0.062,79,reviewed,us,us
2019-09-01T00:02:39.993Z,42.808,13.0983,6.33,4.1,mwr,,30,0.028,0.83,us,us70005aqt,2019-11-15T17:21:10.040Z,"1km N of Norcia, Italy",earthquake,5.1,1.8,0.061,26,reviewed,us,us
2019-08-30T13:01:36.004Z,44.6411,18.525,7.26,4.8,mb,,29,2.203,0.9,us,us70005a7c,2019-11-15T17:20:33.040Z,"6km ENE of Gnojnica, Bosnia and Herzegovina",earthquake,5.4,4.5,0.035,252,reviewed,us,us
2019-08-30T07:00:04.357Z,45.7323,26.6439,134.63,4.5,mb,,56,0.546,1.05,us,us70005a3d,2019-11-15T17:20:27.040Z,"5km WNW of Nereju, Romania",earthquake,6.8,6.2,0.15,13,reviewed,us,us
2019-08-29T00:50:11.537Z,51.6276,16.1894,5,4.1,mb,,84,2.018,0.85,us,us700059f0,2019-11-15T17:19:46.040Z,"3km NNE of Grebocice, Poland",earthquake,5.8,1.9,0.165,10,reviewed,us,us
2019-08-23T14:27:12.255Z,51.6527,75.2464,10,4.6,mb,,63,2.321,0.69,us,us700057jq,2019-11-08T22:13:44.040Z,"8km W of Ekibastuz, Kazakhstan",earthquake,8.6,1.9,0.136,16,reviewed,us,us
2019-08-13T11:17:18.562Z,44.5526,9.8945,10,4.6,mb,,27,0.365,0.77,us,us600054gs,2019-11-02T15:26:03.040Z,"9km WNW of Berceto, Italy",earthquake,3.3,1.9,0.091,36,reviewed,us,us
2019-08-05T21:05:08.738Z,45.8069,26.6398,61.3,4.4,mb,,37,0.58,1.27,us,us6000510u,2019-10-19T21:42:14.040Z,"6km WNW of Paltin, Romania",earthquake,6.2,8.3,0.107,25,reviewed,us,us
2019-08-04T12:31:52.265Z,44.89,79.3059,10,4.3,mb,,74,2.477,0.72,us,us600050jf,2019-10-19T21:42:09.040Z,"38km E of Tekeli, Kazakhstan",earthquake,5.6,1.9,0.137,15,reviewed,us,us
2019-07-21T09:07:54.672Z,43.4894,19.1063,10,4.2,mb,,49,1.065,0.77,us,us70004pzv,2019-10-04T16:37:30.040Z,"8km SSE of Cajnice, Bosnia and Herzegovina",earthquake,6,2,0.167,10,reviewed,us,us
2019-07-21T07:05:30.372Z,44.6824,18.4431,10,4.2,mb,,39,2.137,0.64,us,us70004pyw,2019-10-04T16:37:30.040Z,"4km SW of Srebrenik, Bosnia and Herzegovina",earthquake,6,1.9,0.107,24,reviewed,us,us
2019-07-05T18:41:00.107Z,51.5296,16.1693,10,4.6,mb,,29,1.96,0.75,us,us70004bcc,2019-09-26T14:30:21.040Z,"6km WNW of Rudna, Poland",earthquake,4.1,1.8,0.058,92,reviewed,us,us
2019-06-28T23:03:06.120Z,43.4363,11.1358,9.67,2.9,ml,,68,0.118,0.66,us,us7000472y,2019-09-14T16:08:17.040Z,"2km N of Colle di Val d'Elsa, Italy",earthquake,2.7,7.2,0.057,40,reviewed,us,us
2019-06-15T17:31:30.670Z,42.9071,11.8581,10.94,3,ml,,77,0.604,0.8,us,us60004166,2019-09-06T14:25:10.040Z,"4km NNW of San Casciano dei Bagni, Italy",earthquake,4.4,7.5,0.056,42,reviewed,us,us
2019-06-07T10:22:54.558Z,43.8765,10.0904,10,2.9,ml,,75,0.603,0.64,us,us70003wn8,2019-08-27T17:47:46.040Z,"11km SW of Forte dei Marmi, Italy",earthquake,1.6,1.9,0.057,40,reviewed,us,us
2019-05-31T02:09:11.254Z,44.1676,17.3858,11.52,2.6,ml,,113,2.211,0.94,us,us70003uyx,2019-08-24T21:17:38.040Z,"2km NNW of Donji Vakuf, Bosnia and Herzegovina",earthquake,6.1,8.1,0.074,24,reviewed,us,us
2019-05-26T15:25:52.034Z,43.249,18.0033,10,3.1,ml,,116,1.235,0.59,us,us60003sfx,2019-08-13T14:30:39.040Z,"8km W of Nevesinje, Bosnia and Herzegovina",earthquake,6.2,2,0.06,36,reviewed,us,us
2019-05-24T22:34:05.640Z,43.0555,47.1834,10,4.5,mb,,39,3.393,0.81,us,us60003rxg,2019-08-13T14:30:35.040Z,"9km WNW of Korkmaskala, Russia",earthquake,7,1.9,0.046,140,reviewed,us,us
2019-03-30T02:08:22.880Z,43.6877,16.3978,10,4.4,mb,,30,1.991,1.17,us,us2000k7hb,2019-06-08T20:51:24.040Z,"17km NNW of Solin, Croatia",earthquake,5.5,1.7,0.155,12,reviewed,us,us
2019-03-07T19:07:52.916Z,46.3834,17.3539,10,4.5,mb,,33,0.409,1.29,us,us1000jbzu,2019-05-24T21:21:14.040Z,"3km SSW of Bohonye, Hungary",earthquake,5.7,1.6,0.539,1,reviewed,us,us
2019-03-05T16:55:57.440Z,51.6295,16.1402,5,4.1,mb,,56,1.988,0.75,us,us1000jav9,2019-05-24T21:21:06.040Z,"3km NNW of Grebocice, Poland",earthquake,6.6,1.9,0.303,3,reviewed,us,us
2019-02-22T13:56:43.740Z,43.7603,18.5576,10,2.7,ml,,138,1.426,1.03,us,us2000jmjp,2019-05-11T17:40:50.040Z,"5km S of Koran, Bosnia and Herzegovina",earthquake,5.4,2,0.081,20,reviewed,us,us
2019-01-29T12:53:44.980Z,51.572,16.1672,10,4.9,mb,,29,1.998,1.13,us,us2000ja1i,2019-04-18T19:09:12.040Z,"3km S of Grebocice, Poland",earthquake,2.2,1.9,0.05,124,reviewed,us,us
2019-01-22T22:35:30.080Z,50.1095,18.4559,5.5,3.9,mb,,98,0.677,0.66,us,us2000j8la,2019-04-12T17:14:46.040Z,"0km W of Jejkowice, Poland",earthquake,3.9,7.2,0.362,2,reviewed,us,us
2019-01-14T23:03:56.390Z,44.4098,12.3066,10,4.3,mww,,22,1.171,0.7,us,us2000j3y5,2019-04-02T20:53:00.040Z,"8km E of Ravenna, Italy",earthquake,3.9,1.9,0.071,19,reviewed,us,us
2019-01-12T08:58:26.160Z,51.5455,16.1081,5,3.7,ml,,68,1.958,0.92,us,us2000j3ab,2019-04-02T20:52:21.040Z,"5km NNE of Polkowice, Poland",earthquake,6.4,2,0.076,23,reviewed,us,us
2019-01-09T11:36:03.340Z,45.5819,26.6422,142.41,4.1,mwr,,34,0.288,0.52,us,us2000j1vz,2019-04-02T20:51:41.040Z,"5km W of Jitia, Romania",earthquake,3.3,4.9,1,24,reviewed,us,buc
2018-12-25T21:22:26.550Z,60.7647,17.1626,10,2.8,ml,,180,2.681,0.34,us,us2000ixjc,2019-03-05T17:46:33.040Z,"10km N of Gavle, Sweden",earthquake,7.2,2,0.085,18,reviewed,us,us
2018-12-23T06:33:07.950Z,45.2676,20.9364,10,4.1,mb,,23,0.509,1.07,us,us2000iwk8,2019-11-26T03:04:53.928Z,"2km NW of Hajducica, Serbia",earthquake,4.2,2,0.184,8,reviewed,us,us
2018-11-26T14:17:37.720Z,42.5234,18.6128,7.34,4.2,mb,,31,0.488,0.57,us,us1000hwn9,2019-02-09T19:02:10.040Z,"4km NW of Lipci, Montenegro",earthquake,5.3,5.9,0.263,8,reviewed,us,us
2018-11-25T00:05:48.180Z,45.0284,38.6635,10,4.3,mb,,39,3.072,0.75,us,us1000hw9a,2019-02-02T20:02:29.040Z,"4km SSW of Belozernyy, Russia",earthquake,7.1,2,0.106,25,reviewed,us,us
2018-11-24T22:55:03.780Z,45.0084,38.613,10,4.4,mb,,29,3.099,0.74,us,us1000hw8p,2019-02-02T20:02:29.040Z,"8km SW of Belozernyy, Russia",earthquake,6.2,1.6,0.09,36,reviewed,us,us
2018-11-18T12:48:44.790Z,44.1941,12.7106,16.95,4,mwr,,65,1.189,0.89,us,us1000htjj,2019-01-30T18:36:21.040Z,"17km NE of Rimini, Italy",earthquake,5,7.3,,,reviewed,us,zamg
2018-11-15T07:48:24.590Z,54.8038,58.0396,10,4.4,mb,,54,1.6,1.22,us,us1000hs2f,2019-01-30T18:36:22.040Z,"11km WNW of Katav-Ivanovsk, Russia",earthquake,3.5,2,0.103,27,reviewed,us,us
2018-11-08T19:23:36.380Z,50.1926,18.7389,5,3.9,mb,,64,0.681,0.46,us,us1000hpcr,2019-01-21T16:42:53.040Z,"1km W of Ornontowice, Poland",earthquake,2.9,2,0.297,3,reviewed,us,us
2018-11-06T01:17:19.800Z,42.533,43.5963,10,5,mb,,30,1.567,0.59,us,us2000i79c,2019-01-21T16:42:53.040Z,"13km ESE of Oni, Georgia",earthquake,5.3,1.3,0.037,237,reviewed,us,us
2018-10-28T00:38:11.610Z,45.6575,26.3972,151,5.5,mww,,10,0.231,0.88,us,us1000hi43,2019-04-15T13:23:30.136Z,"15km SE of Comandau, Romania",earthquake,5.1,1.8,0.046,45,reviewed,us,us
2018-10-17T15:55:52.080Z,43.4927,44.9422,28.62,4.4,mb,,45,1.699,0.65,us,us1000hdes,2018-12-21T22:27:03.040Z,"11km W of Goragorskiy, Russia",earthquake,6.6,5.5,0.087,38,reviewed,us,us
2018-09-29T09:06:48.960Z,54.7481,58.0138,10,4.4,mb,,51,1.657,0.81,us,us1000h472,2018-12-01T16:43:20.040Z,"11km W of Katav-Ivanovsk, Russia",earthquake,4.7,2,0.088,37,reviewed,us,us
2018-09-22T02:04:59.280Z,45.612,26.5193,129.4,4.1,mwr,,36,0.242,0.64,us,us2000hiiq,2018-11-27T15:52:02.040Z,"15km NNW of Lopatari, Romania",earthquake,3.9,3.5,0.41,22,reviewed,us,buc
2018-09-15T16:35:15.950Z,51.564,16.1679,5,4.7,mb,,34,1.992,1.17,us,us2000hf7a,2018-11-21T18:19:06.040Z,"3km S of Grebocice, Poland",earthquake,5.1,1.9,0.06,85,reviewed,us,us
2018-09-15T03:09:14.130Z,43.7767,15.7401,10,4.2,mb,,33,1.892,0.79,us,us2000hg34,2018-11-21T18:19:13.040Z,"2km N of Tribunj, Croatia",earthquake,5.6,2,0.215,6,reviewed,us,us
2018-09-07T20:35:05.340Z,43.4875,17.1967,10,4.1,mb,,24,1.847,0.8,us,us2000hang,2018-11-14T17:40:18.040Z,"4km NNW of Imotski, Croatia",earthquake,4.7,2,0.174,11,reviewed,us,us
2018-09-07T05:44:53.090Z,43.0372,13.5258,10,2.6,ml,,175,0.142,0.31,us,us2000haag,2018-11-14T17:40:17.040Z,"3km NE of Santa Vittoria in Matenano, Italy",earthquake,2,2,,,reviewed,us,rom
2018-09-05T07:27:16.630Z,54.6923,58.0189,10,4.2,mb,,65,1.768,1.36,us,us2000h8l7,2018-11-14T17:40:13.040Z,"13km WSW of Katav-Ivanovsk, Russia",earthquake,4.9,2,0.1,28,reviewed,us,us
2018-09-04T22:58:19.650Z,54.8078,57.9778,10,5,mww,,19,1.658,0.56,us,us2000h8g8,2018-11-14T17:40:13.040Z,"15km WNW of Katav-Ivanovsk, Russia",earthquake,5.1,1.7,0.075,17,reviewed,us,us
2018-08-31T12:21:27.000Z,42.932,77.6741,10,4.7,mb,,62,0.687,0.63,us,us2000h5y1,2018-11-07T18:37:07.040Z,"50km SSE of Esik, Kazakhstan",earthquake,4.6,1.9,0.069,65,reviewed,us,us
2018-08-30T03:33:04.490Z,44.0338,16.5789,10,4.2,mwr,,19,2.359,0.87,us,us2000h57f,2018-11-07T18:37:06.040Z,"21km W of Glamoc, Bosnia and Herzegovina",earthquake,5.7,1.9,0.052,36,reviewed,us,us
2018-08-22T14:52:45.340Z,45.715,26.7377,132.62,4,mwr,,30,0.228,0.65,us,us1000gfg4,2018-11-01T17:50:54.040Z,"1km E of Nereju, Romania",earthquake,4.8,4.7,0.91,24,reviewed,us,buc
2018-08-21T00:33:46.640Z,44.8565,10.6829,19.85,4.1,mb,,41,0.279,0.97,us,us1000gea2,2018-11-01T17:50:52.040Z,"3km WNW of Novellara, Italy",earthquake,5,7.6,0.3,3,reviewed,us,us
2018-08-17T01:25:11.700Z,48.914,18.1845,6.9,2.8,ml,,82,0.96,0.5,us,us1000gb95,2018-10-27T16:22:04.040Z,"1km ENE of Trencianske Teplice, Slovakia",earthquake,4.7,7.3,0.074,24,reviewed,us,us
2018-08-15T20:06:31.250Z,44.2667,17.8604,10,3.5,ml,,41,2.101,1.09,us,us1000ga0t,2018-10-27T16:22:03.040Z,"6km N of Lokvine, Bosnia and Herzegovina",earthquake,5.2,1.6,0.052,48,reviewed,us,us
2018-08-11T03:30:39.570Z,46.2792,13.1132,8.25,4.2,mb,,51,0.28,0.83,us,us1000g6rp,2018-10-17T18:11:45.040Z,"2km W of Gemona del Friuli, Italy",earthquake,6,1.2,0.371,2,reviewed,us,us
2018-07-26T17:29:01.360Z,43.9987,77.8953,29.34,3.8,mb,,66,1.542,0.92,us,us2000gejz,2018-10-09T16:43:19.040Z,"40km S of Saryozek, Kazakhstan",earthquake,3.3,8.9,0.208,6,reviewed,us,us
2018-07-20T03:31:30.670Z,51.5725,16.177,10,4.9,mb,,13,1.997,0.98,us,us2000g9is,2018-10-04T14:15:30.040Z,"3km SSE of Grebocice, Poland",earthquake,5.8,1.8,0.047,145,reviewed,us,us
2018-07-09T06:06:04.090Z,42.6819,18.231,10,2.9,ml,,62,0.801,0.74,us,us2000g0p1,2018-10-02T16:40:31.040Z,"7km NE of Cibaca, Croatia",earthquake,3.1,2,0.071,26,reviewed,us,us
2018-07-03T19:38:49.240Z,51.5582,16.1632,9.02,4.4,mb,,32,1.988,1.35,us,us2000fw7c,2018-09-27T14:03:39.040Z,"4km S of Grebocice, Poland",earthquake,4,4.9,0.086,40,reviewed,us,us
2018-06-27T07:22:33.820Z,65.7281,22.9513,10,3.5,mb,,118,3.947,0.82,us,us1000f3af,2018-09-21T16:25:57.040Z,"15km SSW of Rolfs, Sweden",earthquake,4.2,2,0.496,1,reviewed,us,us
2018-06-23T05:49:13.280Z,58.5175,13.4669,10,2.8,mb_lg,,75,2.297,0.56,us,us1000ezfu,2018-09-19T15:15:56.040Z,"2km SW of Goetene, Sweden",earthquake,5.7,1.8,0.228,5,reviewed,us,us
2018-06-18T22:48:00.890Z,43.3061,17.5823,7.46,3.4,ml,,40,1.513,0.84,us,us1000euyk,2018-09-19T15:15:48.040Z,"8km S of Siroki Brijeg, Bosnia and Herzegovina",earthquake,6.4,9.6,0.056,42,reviewed,us,us
2018-06-09T21:49:16.140Z,43.04,46.2187,10,4.3,mb,,33,2.084,0.98,us,us1000emc8,2018-08-29T16:36:22.040Z,"3km N of Tsentoroy, Russia",earthquake,6.6,1.9,0.071,56,reviewed,us,us
2018-05-24T13:40:26.450Z,44.9967,17.0846,10,3.4,ml,,77,2.621,1.02,us,us1000ebjp,2018-08-21T21:23:49.040Z,"16km ENE of Lamovita, Bosnia and Herzegovina",earthquake,4.4,1.6,0.055,44,reviewed,us,us
2018-05-22T19:54:03.410Z,50.2621,12.4407,10,3.2,ml,,103,0.972,0.57,us,us1000ea82,2018-08-21T21:23:48.040Z,"2km ENE of Luby, Czech Republic",earthquake,2.7,2,0.148,6,reviewed,us,us
2018-05-21T21:04:42.660Z,50.2985,12.3772,13.92,4.1,mb,,52,0.961,0.88,us,us1000e9k7,2018-08-21T21:23:47.040Z,"2km SSE of Erlbach, Germany",earthquake,2.5,6.3,0.524,1,reviewed,us,us
2018-05-05T15:40:53.630Z,51.6649,16.1564,5,3.4,ml,,66,2.004,0.92,us,us1000dyv4,2018-07-27T20:20:42.040Z,"4km E of Glogow, Poland",mine collapse,5.5,2,0.091,16,reviewed,us,us
2018-05-05T08:58:05.500Z,50.1241,18.6834,1,3.7,ml,,65,0.723,0.74,us,us1000dypw,2018-07-27T20:20:29.040Z,Poland,mine collapse,7.2,2,0.077,22,reviewed,us,us
2018-05-03T18:46:05.050Z,44.0586,11.8314,10,4.3,mb,,61,0.68,1.18,us,us1000dxeq,2018-07-27T20:20:31.040Z,"0km W of Rocca San Casciano, Italy",earthquake,2,1.9,0.154,12,reviewed,us,us
2018-05-01T05:16:59.270Z,43.2334,11.0366,10,4.1,mb,,67,0.327,1.07,us,us1000dv6w,2018-07-27T20:20:33.040Z,"9km NNW of Chiusdino, Italy",earthquake,2.9,1.9,0.233,7,reviewed,us,us
2018-04-25T17:15:48.570Z,45.6334,26.3385,149.17,4.7,mwr,,29,0.208,1.04,us,us1000ds5p,2018-07-25T21:36:45.040Z,"15km SSE of Comandau, Romania",earthquake,5.6,5.7,0.91,18,reviewed,us,buc
2018-04-24T20:47:37.420Z,44.9931,37.5591,10,4.2,mb,,39,3.813,1.31,us,us1000drk0,2018-07-25T21:36:29.040Z,"5km SE of Gostagayevskaya, Russia",earthquake,7.5,1.9,0.089,36,reviewed,us,us
2018-04-23T08:55:17.480Z,50.4512,18.7624,9.19,3.9,mb,,60,1.035,0.96,us,us1000dqkt,2018-07-25T21:35:58.040Z,"3km N of Zbroslawice, Poland",earthquake,3.3,7.2,0.514,1,reviewed,us,us
2018-04-10T03:11:31.890Z,43.0662,13.0516,10,4.7,mwr,,23,0.039,0.73,us,us2000dxbt,2018-07-07T02:25:15.040Z,"2km N of Pieve Torina, Italy",earthquake,4.2,1.8,0.032,92,reviewed,us,us
2018-04-08T16:12:59.720Z,42.702,78.6417,25.31,4.4,mb,,182,1.154,0.41,us,us2000dzsl,2018-06-30T01:11:35.040Z,"22km E of Tyup, Kyrgyzstan",earthquake,9.3,6.9,0.203,7,reviewed,us,us
2018-04-04T18:41:29.410Z,43.0224,13.0201,10,4,mb,,58,0.201,1.12,us,us1000de9s,2018-06-30T01:11:28.040Z,"3km SW of Pieve Torina, Italy",earthquake,4.7,1.9,0.183,8,reviewed,us,us
2018-04-04T02:19:46.410Z,43.0547,13.0039,10,4.1,mwr,,42,0.235,1.28,us,us1000ddzh,2018-06-30T01:11:27.040Z,"3km WNW of Pieve Torina, Italy",earthquake,4.5,1.9,0.065,23,reviewed,us,us
2018-03-31T01:18:45.670Z,42.4263,13.4484,10.98,4.1,mb,,47,0.113,1.06,us,us1000dbrv,2018-06-22T21:32:17.040Z,"9km NNE of L'Aquila, Italy",earthquake,5.3,4.1,0.15,12,reviewed,us,us
2018-03-26T12:53:50.310Z,43.857,77.3618,23.97,4.6,mb,,45,1.554,0.78,us,us1000d94n,2018-06-22T21:32:09.040Z,"22km E of Qapshaghay, Kazakhstan",earthquake,6,5.8,0.078,49,reviewed,us,us
2018-03-24T20:06:22.530Z,46.8515,68.8667,13.37,4,mb,,47,3.925,0.69,us,us1000daui,2018-06-19T01:35:51.040Z,"132km SE of Zhezqazghan, Kazakhstan",earthquake,3,6.7,0.517,1,reviewed,us,us
2018-03-14T10:24:49.490Z,45.6876,26.5892,141.48,4.7,mwr,,28,0.312,0.78,us,us1000d47y,2018-06-11T21:53:44.040Z,"10km WSW of Nereju, Romania",earthquake,3.5,4.1,0.41,22,reviewed,us,buc
2018-03-05T21:50:36.900Z,43.9889,12.0041,10,4.4,mb,,37,0.719,0.89,us,us2000dcjz,2018-06-08T05:12:10.040Z,"5km ESE of Civitella di Romagna, Italy",earthquake,3.6,1.9,0.149,13,reviewed,us,us
2018-02-11T13:05:23.950Z,42.6109,19.9218,8.08,4.4,mb,,40,0.568,0.72,us,us2000d0j2,2018-05-03T22:15:10.040Z,"30km W of Peje, Kosovo",earthquake,3.8,6.8,0.155,12,reviewed,us,us
2018-02-04T13:15:04.430Z,45.5527,26.3872,150.35,3.5,mwr,,40,0.141,0.59,us,us1000cfna,2018-04-25T01:39:47.040Z,"8km NNW of Gura Teghii, Romania",earthquake,4.3,5.3,0.41,18,reviewed,us,buc
2018-02-03T12:53:09.560Z,43.3681,16.8616,10,4.6,mb,,22,1.811,1.26,us,us1000cfak,2019-03-30T02:48:22.709Z,"5km W of Donja Brela, Croatia",earthquake,4.2,1.6,0.07,60,reviewed,us,us
2018-02-02T09:20:45.990Z,43.1071,76.841,14.65,3.8,mb,,73,0.902,0.41,us,us1000cftd,2018-04-25T01:39:43.040Z,"18km SSW of Almaty, Kazakhstan",earthquake,4.1,7.2,0.507,1,reviewed,us,us
2018-02-01T01:47:33.410Z,47.1899,9.9227,5,3.8,ml,,54,0.616,1,us,us1000cdin,2018-04-25T01:39:40.040Z,"4km N of Innerbraz, Austria",earthquake,4,2,0.048,56,reviewed,us,us
2018-01-29T14:36:35.560Z,43.2015,77.7514,29.34,4.5,mb,,99,0.848,0.72,us,us2000cqww,2018-04-25T01:39:35.040Z,"25km SSE of Turgen', Kazakhstan",earthquake,5.8,6.6,0.271,4,reviewed,us,us
2018-01-17T19:07:19.240Z,47.1697,9.938,10,4,mb,,61,0.593,1.38,us,us2000ckf6,2018-04-10T01:11:44.040Z,"2km NE of Innerbraz, Austria",earthquake,3.3,1.6,0.196,7,reviewed,us,us
2018-01-04T10:46:11.670Z,42.6601,19.8624,10,5.1,mww,,18,1.312,0.98,us,us1000c0lz,2018-03-23T23:16:50.040Z,"33km ESE of Kolasin, Montenegro",earthquake,4.3,1.8,0.051,37,reviewed,us,us
2017-12-29T13:00:40.620Z,43.2245,17.9731,10,4,mb,,71,1.236,1.14,us,us1000bxnj,2018-03-17T01:54:38.040Z,"7km ESE of Blagaj, Bosnia and Herzegovina",earthquake,4.5,2,0.26,4,reviewed,us,us
2017-12-26T11:15:31.830Z,51.464,16.0675,10,3.9,mwr,,30,1.926,1.22,us,us1000bwbs,2018-03-17T01:54:35.040Z,"4km S of Polkowice, Poland",earthquake,4,1.9,0.093,11,reviewed,us,us
2017-12-07T22:32:12.380Z,64.8516,25.2895,10,3.5,mb,,104,3.44,0.76,us,us2000c1vm,2019-02-18T20:31:20.907Z,"5km ENE of Lumijoki, Finland",earthquake,4.5,2,0.286,3,reviewed,us,us
2017-12-07T17:42:50.790Z,51.5763,16.0916,10,4.5,mb,,50,1.951,1.41,us,us2000c1p3,2018-02-28T02:32:31.040Z,"5km WSW of Grebocice, Poland",earthquake,5.8,1.9,0.074,54,reviewed,us,us
2017-12-03T23:34:11.900Z,42.6825,13.3079,3.29,4.2,mwr,,38,0.164,0.64,us,us1000bkp1,2018-02-28T02:32:24.040Z,"6km N of Amatrice, Italy",earthquake,5.3,3.6,0.049,40,reviewed,us,us
2017-11-26T19:01:32.730Z,42.7258,24.2869,10.94,4.5,mb,,41,0.704,1.25,us,us2000bukf,2018-02-20T09:06:03.040Z,"2km S of Anton, Bulgaria",earthquake,4.3,5.4,0.205,7,reviewed,us,us
2017-11-20T23:04:06.110Z,47.1222,11.373,10,2.5,ml,,94,0.911,0.45,us,us2000bs3u,2018-02-14T02:01:07.040Z,"4km E of Neustift im Stubaital, Austria",earthquake,3,2,0.06,36,reviewed,us,us
2017-11-19T12:37:45.020Z,44.7543,10.0786,18.45,4.4,mwr,,27,0.167,0.82,us,us2000brf1,2018-02-14T02:01:03.040Z,"4km W of Medesano, Italy",earthquake,5.1,4.8,0.047,44,reviewed,us,us
2017-11-11T04:54:05.770Z,42.9227,23.3575,11.41,4.1,ml,,45,0.859,0.91,us,us2000blwr,2018-01-31T03:04:48.040Z,"4km S of Svoge, Bulgaria",earthquake,2.6,6.9,0.41,5,reviewed,us,buc
2017-11-10T11:19:06.510Z,51.6095,16.1851,5,4.1,mb,,83,2.013,0.57,us,us2000bldc,2018-01-31T03:04:46.040Z,"1km NE of Grebocice, Poland",earthquake,5.3,2,0.301,3,reviewed,us,us
2017-11-03T18:15:41.700Z,47.1867,11.3685,10,3.5,ml,,40,0.946,0.98,us,us2000bhzn,2018-01-24T01:25:07.040Z,"2km NNW of Mieders, Austria",earthquake,3.7,1.1,0.045,64,reviewed,us,us
2017-11-03T12:59:33.080Z,43.2036,17.7485,10,4.1,mb,,29,1.355,0.61,us,us2000bhpw,2018-01-24T01:25:07.040Z,"4km SE of Citluk, Bosnia and Herzegovina",earthquake,4.6,1.9,0.157,11,reviewed,us,us
2017-11-02T18:04:16.470Z,42.7258,13.1416,10,4,mb,,50,0.109,1.07,us,us2000bfsp,2018-01-24T01:25:06.040Z,"8km SSE of Norcia, Italy",earthquake,5.9,1.9,0.196,7,reviewed,us,us
2017-10-28T13:56:45.250Z,45.5502,26.4253,127.19,4.2,mb,,43,0.153,0.81,us,us1000ay1b,2018-01-17T21:50:37.040Z,"7km N of Gura Teghii, Romania",earthquake,5.2,5.3,0.373,2,reviewed,us,us
2017-10-25T22:58:10.870Z,43.7217,17.5267,5.95,4,mwr,,31,1.811,0.97,us,us1000awzx,2018-01-17T21:50:33.040Z,"12km SSW of Prozor, Bosnia and Herzegovina",earthquake,5,5.3,0.059,28,reviewed,us,us
2017-10-25T22:50:03.820Z,43.7523,17.5116,11.6,4.3,mwr,,29,1.825,1.01,us,us1000awzs,2018-01-17T21:50:33.040Z,"8km S of Rumboci, Bosnia and Herzegovina",earthquake,4,4.7,0.048,41,reviewed,us,us
2017-10-25T22:46:01.110Z,43.7343,17.5472,10,4.1,mwr,,29,1.803,0.79,us,us1000awzn,2018-01-17T21:50:33.040Z,"10km SSW of Prozor, Bosnia and Herzegovina",earthquake,5.4,1.9,0.049,40,reviewed,us,us
2017-10-08T01:49:38.620Z,45.7029,26.5819,140.61,4,mb,,58,0.3,0.81,us,us2000b2pk,2018-01-09T02:14:50.040Z,"10km W of Nereju, Romania",earthquake,5.1,5.4,0.196,7,reviewed,us,us
2017-09-28T03:35:12.660Z,44.0595,39.339,22.34,4.2,mb,,42,2.417,0.94,us,us2000avqr,2017-12-22T21:56:26.040Z,"15km E of Shepsi, Russia",earthquake,7.1,7.5,0.118,20,reviewed,us,us
2017-09-25T07:54:56.500Z,45.668,26.5353,149.04,3.9,mb,,23,0.292,0.47,us,us2000au78,2017-12-22T21:56:21.040Z,"15km WSW of Nereju, Romania",earthquake,4.6,3.1,0.209,6,reviewed,us,us
2017-09-14T01:53:19.770Z,42.6559,22.9299,10,3.1,ml,,60,0.984,0.9,us,us2000am21,2017-12-13T02:29:42.040Z,"6km NNW of Batanovtsi, Bulgaria",earthquake,5,2,0.071,26,reviewed,us,us
2017-08-28T04:01:52.580Z,43.2948,17.6666,10,4,mb,,29,1.456,1.06,us,us2000acd8,2017-11-28T18:33:50.040Z,"7km NNW of Citluk, Bosnia and Herzegovina",earthquake,4.9,2,0.367,2,reviewed,us,us
2017-08-24T09:14:13.310Z,44.2946,41.7008,10,4.4,mb,,72,0.786,1.26,us,us2000ab9h,2017-11-22T03:43:31.040Z,"6km NNW of Besleney, Russia",earthquake,6.3,1.9,0.134,16,reviewed,us,us
2017-08-16T15:16:34.770Z,45.5227,27.949,12.85,4.3,mb,,33,0.086,0.73,us,us2000a8s4,2017-11-14T01:42:10.040Z,"4km NNE of Smirdan, Romania",earthquake,1.4,3.5,0.168,10,reviewed,us,us
2017-08-08T09:35:07.620Z,45.203,14.6055,10,4,mb,,28,0.779,0.75,us,us2000a5vt,2017-10-25T00:38:02.040Z,"3km E of Omisalj, Croatia",earthquake,4.1,2,0.367,2,reviewed,us,us
2017-08-02T02:32:12.140Z,45.5539,26.3882,137.52,4.7,mb,,18,0.317,1.18,us,us2000a3il,2017-10-18T01:54:14.040Z,"8km NNW of Gura Teghii, Romania",earthquake,5,4.3,0.039,198,reviewed,us,us
2017-08-01T10:27:51.120Z,45.549,26.4022,103.14,4.3,mb,,29,0.326,0.99,us,us2000a38c,2017-10-18T01:54:13.040Z,"7km N of Gura Teghii, Romania",earthquake,4.6,5.2,0.065,68,reviewed,us,us
2017-07-22T02:13:08.860Z,42.6433,13.3183,6.67,4.2,mwr,,57,0.126,0.93,us,us20009zjr,2017-10-11T01:04:02.040Z,"2km NE of Amatrice, Italy",earthquake,4.3,5.8,0.033,88,reviewed,us,us
2017-07-01T19:17:26.920Z,42.6702,13.2814,5.1,4.3,mb,,54,0.164,0.65,us,us100095ri,2017-09-27T02:03:21.040Z,"4km NNW of Amatrice, Italy",earthquake,5.4,5.6,0.218,6,reviewed,us,us
2017-06-30T00:25:19.430Z,42.682,13.2247,10,4.1,mb,,57,0.172,0.69,us,us100095dw,2017-09-27T02:03:19.040Z,"8km NW of Amatrice, Italy",earthquake,4.7,1.9,0.139,14,reviewed,us,us
2017-06-28T12:05:44.330Z,42.6456,18.1239,3.38,2.9,ml,,85,0.867,1.04,us,us20009q38,2017-09-27T02:03:16.040Z,"2km E of Dubrovnik, Croatia",earthquake,2.7,10.4,0.063,33,reviewed,us,us
2017-06-23T23:50:00.070Z,45.5524,26.3634,151.83,4.1,mb,,52,0.3,0.82,us,us20009pey,2017-08-23T16:35:49.040Z,"8km NNW of Gura Teghii, Romania",earthquake,3.6,5,0.233,5,reviewed,us,us
2017-06-16T18:17:32.550Z,44.8928,36.9086,14.69,4.2,mb,,25,3.615,1.03,us,us20009n4g,2017-08-18T23:13:30.040Z,"31km WSW of Vityazevo, Russia",earthquake,6.1,2.7,0.072,54,reviewed,us,us
2017-06-13T22:29:11.580Z,43.2075,17.7628,4.73,4.1,mb,,30,1.348,0.62,us,us20009m8p,2017-08-18T23:13:26.040Z,"5km ESE of Citluk, Bosnia and Herzegovina",earthquake,4.8,6.2,0.198,7,reviewed,us,us
2017-06-09T12:15:44.970Z,42.4976,13.2834,10,4.2,mb,,35,0.1,0.55,us,us20009li5,2017-08-16T02:42:21.040Z,"3km SE of Montereale, Italy",earthquake,5.4,1.9,0.105,25,reviewed,us,us
2017-05-31T20:25:26.450Z,51.5472,16.1785,5,4.5,mb,,44,1.974,1.15,us,us10008wxd,2017-08-15T02:26:49.040Z,"5km S of Grebocice, Poland",earthquake,5.6,1.9,0.053,104,reviewed,us,us
2017-05-19T20:02:44.150Z,45.7403,26.6495,124.52,4.3,mb,,20,0.328,1.43,us,us10008tmf,2017-08-05T03:32:12.040Z,"5km WNW of Nereju, Romania",earthquake,4.6,3.4,0.081,43,reviewed,us,us
2017-05-03T05:59:35.430Z,45.648,26.4949,143.27,4.2,mb,,59,0.417,0.83,us,us10008nqs,2017-07-29T03:16:17.040Z,"18km WSW of Nereju, Romania",earthquake,7.4,8.6,0.167,10,reviewed,us,us
2017-04-27T21:19:43.860Z,42.9185,13.1097,4,4.1,mwr,,71,0.085,1.07,us,us10008ley,2017-07-21T02:32:09.040Z,"2km ESE of Visso, Italy",earthquake,4,2,0.047,43,reviewed,us,us
2017-04-27T21:16:59.890Z,42.9438,13.0086,4,4.2,mwr,,69,0.109,1.01,us,us10008lew,2017-07-21T02:32:09.040Z,"4km WSW of Visso, Italy",earthquake,5.5,2,0.049,40,reviewed,us,us
2017-04-21T00:55:45.100Z,42.5888,75.1539,10,4.5,mb,,57,0.447,0.89,us,us10008n61,2018-07-05T15:48:57.874Z,"27km SSW of Staraya Pokrovka, Kyrgyzstan",earthquake,4.9,1.9,0.082,43,reviewed,us,us
2017-04-21T00:41:54.340Z,42.5761,75.1387,9.74,4.2,mb,,58,0.444,1.38,us,us10008jf7,2017-07-11T01:48:39.040Z,"29km SSW of Staraya Pokrovka, Kyrgyzstan",earthquake,2.3,4.7,0.141,14,reviewed,us,us
2017-04-08T22:23:12.940Z,51.5424,16.1653,8.42,4.6,mb,,26,1.973,1.06,us,us10008fxp,2017-06-23T07:26:37.040Z,"6km S of Grebocice, Poland",earthquake,4.3,4.5,0.103,28,reviewed,us,us
2017-03-20T05:02:41.980Z,42.5947,13.2939,10,4.1,mb,,66,0.103,1.11,us,us20008t96,2017-06-12T19:46:51.040Z,"3km S of Amatrice, Italy",earthquake,2.8,1.9,0.184,8,reviewed,us,us
2017-03-13T02:25:20.630Z,42.4236,43.6186,12.48,4.4,mb,,58,0.207,0.81,us,us100088l0,2017-06-07T00:33:37.040Z,"22km SE of Oni, Georgia",earthquake,3.9,5.3,0.074,52,reviewed,us,us
2017-03-13T01:31:55.740Z,43.7119,16.8274,16.36,4.1,mb,,26,2.112,0.88,us,us100088kq,2017-06-07T00:33:37.040Z,"7km SSW of Orguz, Bosnia and Herzegovina",earthquake,5.5,3.3,0.174,9,reviewed,us,us
2017-03-08T13:43:13.070Z,45.6583,26.4629,148.97,4.1,mb,,41,0.259,0.76,us,us100087pk,2017-05-31T01:58:58.040Z,"19km N of Gura Teghii, Romania",earthquake,3.2,3.9,0.127,17,reviewed,us,us
2017-03-06T01:26:21.790Z,43.3545,45.8116,10,4.5,mb,,44,1.892,0.82,us,us10008771,2017-05-31T01:58:55.040Z,"3km SSW of Petropavlovskaya, Russia",earthquake,6.1,1.6,0.073,55,reviewed,us,us
2017-02-20T03:13:30.870Z,42.5143,13.2589,7.15,4,mwr,,52,0.193,0.6,us,us20008kup,2017-05-17T01:19:33.040Z,"1km SE of Montereale, Italy",earthquake,5.7,4.7,0.062,25,reviewed,us,us
2017-02-08T15:08:20.550Z,45.5187,26.2594,127.01,4.7,mb,,19,0.222,1.1,us,us20008ii5,2017-05-09T01:24:31.040Z,"11km NNW of Nehoiu, Romania",earthquake,6.6,5.4,0.045,152,reviewed,us,us
2017-02-08T09:52:06.090Z,45.736,26.6616,129.27,4.4,mb,,48,0.559,1.23,us,us20008ifq,2017-05-09T01:24:30.040Z,"4km WNW of Nereju, Romania",earthquake,6.4,5.4,0.148,13,reviewed,us,us
2017-02-03T04:10:06.930Z,43.0359,12.9281,10,4.3,mwr,,33,0.299,0.77,us,us20008haf,2017-04-27T01:38:42.040Z,"4km SSW of Serravalle di Chienti, Italy",earthquake,5.1,1.9,0.043,51,reviewed,us,us
2017-02-03T03:47:56.550Z,42.9973,13.0465,10,4.1,mwr,,40,0.049,0.93,us,us20008hab,2017-04-27T01:38:42.040Z,"4km S of Pieve Torina, Italy",earthquake,5.2,1.9,0.051,37,reviewed,us,us
2017-01-21T09:35:57.240Z,42.7079,13.1276,10,4.1,mb,,54,0.269,0.55,us,us10007ulq,2017-04-12T02:29:04.040Z,"6km E of Maltignano, Italy",earthquake,2.7,1.9,0.158,11,reviewed,us,us
2017-01-18T19:32:33.500Z,42.6614,13.1941,10,4.2,mwr,,109,0.202,1.17,us,us10007u02,2017-04-12T02:29:01.040Z,"9km WNW of Amatrice, Italy",earthquake,5.9,1.9,,,reviewed,us,zamg
2017-01-18T15:16:10.730Z,42.5921,13.2915,10,4.3,mwr,,84,0.103,0.76,us,us10007tyz,2017-04-12T02:29:00.040Z,"3km S of Amatrice, Italy",earthquake,4.8,1.8,,,reviewed,us,zamg
2017-01-18T13:33:38.000Z,42.5581,13.2487,7.39,5.2,mww,,33,0.12,0.6,us,us10007txl,2017-04-12T02:29:00.040Z,"4km N of Montereale, Italy",earthquake,5.2,3.8,,,reviewed,us,us
2017-01-18T12:01:41.010Z,42.6587,13.2117,10,4.1,mb,,116,0.19,1,us,us10007tx8,2017-04-12T02:29:00.040Z,"7km WNW of Amatrice, Italy",earthquake,5.9,1.9,0.135,15,reviewed,us,us
2017-01-18T11:07:39.100Z,42.759,13.2089,10,4.1,mwr,,48,0.317,0.89,us,us10007tww,2017-04-12T02:29:00.040Z,"7km WSW of Arquata del Tronto, Italy",earthquake,5.1,1.9,,,reviewed,us,zamg
2017-01-18T10:39:24.740Z,42.5493,13.2266,10,4.3,mb,,168,0.135,0.69,us,us10007tx9,2017-04-12T02:29:00.040Z,"3km NNW of Montereale, Italy",earthquake,3.7,1.8,0.129,17,reviewed,us,us
2017-01-18T10:25:25.490Z,42.5855,13.1904,10,5.6,mww,,30,0.169,0.55,us,us10007twn,2017-04-12T02:29:00.040Z,"8km NNW of Montereale, Italy",earthquake,5.2,1.8,,,reviewed,us,us
2017-01-18T10:24:16.170Z,42.6241,13.2034,10,4.3,mb,,126,0.175,1.14,us,us10007twk,2017-04-12T02:29:00.040Z,"7km W of Amatrice, Italy",earthquake,6.3,1.9,0.178,9,reviewed,us,us
2017-01-18T10:16:37.770Z,42.5275,13.2341,10,4.6,mb,,101,0.485,0.95,us,us10007tx5,2017-04-12T02:29:00.040Z,"1km WNW of Montereale, Italy",earthquake,3.5,2,0.173,10,reviewed,us,us
2017-01-18T10:15:33.030Z,42.583,13.3175,10,4.7,mb,,49,0.54,0.99,us,us10007tx3,2017-04-12T02:29:00.040Z,"5km SSE of Amatrice, Italy",earthquake,4.3,1.9,0.127,19,reviewed,us,us
2017-01-18T10:14:10.980Z,42.6012,13.2268,7,5.7,mww,,27,0.149,0.55,us,us10007twj,2017-04-12T02:29:00.040Z,"6km WSW of Amatrice, Italy",earthquake,5.2,1.8,,,reviewed,us,us
2017-01-18T09:25:41.610Z,42.6598,13.2099,10,5.3,mww,,30,0.462,0.84,us,us10007twc,2017-04-12T02:29:00.040Z,"7km WNW of Amatrice, Italy",earthquake,5.1,1.8,,,reviewed,us,us
2017-01-03T22:02:33.970Z,43.1472,25.8179,20.57,4.2,mb,,52,1.97,0.76,us,us10007pj8,2017-03-27T23:53:21.040Z,"8km ENE of Lyaskovets, Bulgaria",earthquake,5.3,7.8,0.526,1,reviewed,us,us
2017-01-02T03:36:14.480Z,42.7941,12.7351,10,4.3,mb,,60,0.215,0.97,us,us10007p63,2017-03-27T23:53:18.040Z,"4km SW of Campello sul Clitunno, Italy",earthquake,5.7,1.9,0.111,23,reviewed,us,us
2016-12-27T23:20:56.100Z,45.7144,26.5283,97,5.6,mww,,14,0.466,0.8,us,us10007n3r,2017-03-23T22:52:05.040Z,"14km W of Nereju, Romania",earthquake,4.3,1.8,,,reviewed,us,us
2016-12-23T23:39:25.220Z,42.5151,18.5116,13.94,4.3,mb,,24,0.56,0.83,us,us10007mdy,2017-03-23T22:52:00.040Z,"6km N of Igalo, Montenegro",earthquake,5.5,4.5,0.116,21,reviewed,us,us
2016-12-18T05:54:54.240Z,43.2855,75.0643,11.54,4.5,mb,,79,0.771,0.7,us,us2000825u,2017-03-16T02:31:27.040Z,"39km NE of Georgievka, Kazakhstan",earthquake,4.2,6.5,0.313,3,reviewed,us,us
2016-12-16T06:46:51.240Z,51.5789,16.164,5,4.5,mb,,32,1.996,1.02,us,us2000818i,2017-03-16T02:31:23.040Z,"2km S of Grebocice, Poland",earthquake,5.9,1.9,0.128,18,reviewed,us,us
2016-12-11T12:54:52.900Z,42.9,13.11,8,4.2,mwr,,,,1.01,us,us20007zyp,2017-03-09T02:14:27.040Z,"3km SSE of Visso, Italy",earthquake,5.8,4.5,0.04,59,reviewed,rom,us
2016-12-09T12:57:01.640Z,43.4883,16.2668,22.52,4.4,mwr,,17,1.775,1.09,us,us20007zhe,2017-03-09T02:14:24.040Z,"2km SSE of Trogir, Croatia",earthquake,5.1,4.8,0.046,46,reviewed,us,us
2016-12-09T07:21:50.550Z,44.3361,10.5902,10,4.2,mb,,47,0.229,0.52,us,us20007zet,2017-03-09T02:14:23.040Z,"3km WSW of Montefiorino, Italy",earthquake,4.5,2,0.186,8,reviewed,us,us
2016-11-30T05:52:55.440Z,44.7421,10.6322,23.83,3.7,ml,,49,0.228,0.7,us,us10007d7s,2017-02-23T00:11:53.040Z,"3km SW of Bagnolo in Piano, Italy",earthquake,2.3,9.8,,,reviewed,us,rom
2016-11-29T20:09:39.350Z,51.6128,16.157,5,4.2,mwr,,35,0.775,1.04,us,us10007d5c,2017-02-23T00:11:53.040Z,"1km NNW of Grebocice, Poland",earthquake,3.1,1.9,0.098,10,reviewed,us,us
2016-11-29T16:14:03.240Z,42.5589,13.247,4.39,4.4,mwr,,123,0.121,0.64,us,us10007d4d,2017-02-23T00:11:53.040Z,"4km N of Montereale, Italy",earthquake,5.4,4.6,,,reviewed,us,zamg
2016-11-14T19:49:52.140Z,42.94,13.15,10,4.1,mb,,,,1.01,us,us100077u2,2017-02-09T03:02:27.040Z,"5km ENE of Visso, Italy",earthquake,6,6,0.185,8,reviewed,rom,us
2016-11-14T01:33:44.760Z,42.8522,13.1055,10,4.2,mb,,39,0.019,0.92,us,us100077it,2017-02-09T03:02:25.040Z,"6km N of Norcia, Italy",earthquake,5.8,1.9,0.146,13,reviewed,us,us
2016-11-12T22:32:23.570Z,42.796,13.139,9.8,4.4,mb,,,,0.87,us,us1000775z,2017-02-09T03:02:20.040Z,"3km E of Norcia, Italy",earthquake,5.9,5.7,0.31,3,reviewed,rom,us
2016-11-12T14:43:33.780Z,42.72,13.21,10,4.1,mwr,,,,1.26,us,us1000774f,2017-02-09T03:02:19.040Z,"9km SW of Arquata del Tronto, Italy",earthquake,6,1.9,0.048,42,reviewed,rom,us
2016-11-09T15:58:44.000Z,42.8375,18.4742,19.93,4.4,mb,,30,0.709,0.75,us,us100076hy,2017-02-02T02:21:05.040Z,"5km SE of Bileca, Bosnia and Herzegovina",earthquake,5.3,5.5,0.155,12,reviewed,us,us
2016-11-07T18:56:16.960Z,42.89,13.15,13,4.3,mb,,,,1.18,us,us10007644,2017-02-02T02:21:03.040Z,"6km SE of Visso, Italy",earthquake,5.7,2.3,0.153,12,reviewed,rom,us
2016-11-05T21:29:11.140Z,42.73,13.19,8,4,mb,,,,0.99,us,us100074df,2017-02-02T02:21:00.040Z,"9km WSW of Arquata del Tronto, Italy",earthquake,3.8,5.8,0.232,5,reviewed,rom,us
2016-11-03T00:35:02.610Z,43.0383,13.0143,10,4.8,mwr,,22,0.217,0.74,us,us100073v1,2017-01-24T02:02:15.040Z,"2km W of Pieve Torina, Italy",earthquake,4.5,1.8,0.059,28,reviewed,us,us
2016-11-02T19:37:49.750Z,42.88,13.07,8,4.3,mb,,,,1.11,us,us100073t3,2017-01-24T02:02:15.040Z,"5km SSW of Visso, Italy",earthquake,5.6,5.4,0.133,16,reviewed,rom,us
2016-11-01T19:03:21.080Z,42.8236,12.9874,8.62,4.4,mb,,31,0.093,0.93,us,us100073jb,2017-01-24T02:02:13.040Z,"5km E of Cerreto di Spoleto, Italy",earthquake,4.4,6.1,0.202,9,reviewed,us,us
2016-11-01T07:56:39.600Z,43,13.16,10,4.9,mwr,,,,1.06,us,us100073f9,2017-01-24T02:02:13.040Z,"9km NE of Visso, Italy",earthquake,1.5,4,0.043,51,reviewed,rom,us
2016-10-31T11:59:49.800Z,45.87,26.78,90,4.1,mb,,,,1.43,us,us1000738i,2017-01-24T02:02:12.040Z,"2km SW of Matacina, Romania",earthquake,6.7,6.4,0.157,11,reviewed,buc,us
2016-10-31T09:38:13.440Z,43.2307,17.9164,7.15,4.3,mb,,35,1.272,0.8,us,us1000737r,2017-01-24T02:02:12.040Z,"3km SE of Blagaj, Bosnia and Herzegovina",earthquake,4.9,8,0.265,4,reviewed,us,us
2016-10-31T07:05:45.010Z,42.8486,13.0893,16.51,3.9,mwr,,34,0.28,1.21,us,us1000737b,2017-01-24T02:02:12.040Z,"6km N of Norcia, Italy",earthquake,5.8,2.5,0.056,31,reviewed,us,us
2016-10-31T06:17:21.280Z,42.7937,13.1105,10,4,mb,,41,0.315,0.8,us,us10007377,2017-01-24T02:02:11.040Z,"1km E of Norcia, Italy",earthquake,5.7,2,0.367,2,reviewed,us,us
2016-10-31T03:27:41.130Z,42.7611,13.0057,10,4.3,mb,,56,0.344,0.78,us,us1000736c,2017-01-24T02:02:11.040Z,"4km NNW of Cascia, Italy",earthquake,3.2,1.9,0.105,26,reviewed,us,us
2016-10-30T18:21:09.000Z,42.79,13.15,10,4,mwr,,,,1.13,us,us10007342,2017-01-24T02:02:11.040Z,"4km E of Norcia, Italy",earthquake,5.7,5.7,0.045,48,reviewed,rom,us
2016-10-30T13:34:55.790Z,42.802,13.122,10,4.6,mb,,42,0.304,0.98,us,us10007335,2017-01-24T02:02:10.040Z,"2km ENE of Norcia, Italy",earthquake,2.5,1.8,0.098,31,reviewed,us,us
2016-10-30T12:07:02.140Z,42.839,12.999,10,4.7,mb,,30,0.333,1.07,us,us1000732t,2017-01-24T02:02:10.040Z,"6km ENE of Cerreto di Spoleto, Italy",earthquake,4.9,1.9,0.071,61,reviewed,us,us
2016-10-30T11:58:18.580Z,42.8209,13.0139,6.11,4.5,mb,,55,0.337,1.11,us,us1000732r,2017-01-24T02:02:10.040Z,"7km WNW of Norcia, Italy",earthquake,5.7,5.4,0.163,11,reviewed,us,us
2016-10-30T11:21:11.280Z,43.1228,13.1153,10,4.6,mb,,46,0.172,0.8,us,us1000732k,2017-01-24T02:02:10.040Z,"4km ESE of Camerino, Italy",earthquake,1.8,1.9,0.157,12,reviewed,us,us
2016-10-30T08:36:00.990Z,42.7652,12.9588,10,4.6,mb,,116,0.403,0.63,us,us1000731w,2017-01-24T02:02:10.040Z,"7km NW of Cascia, Italy",earthquake,5.6,1.9,0.109,25,reviewed,us,us
2016-10-30T07:34:48.520Z,42.8556,13.1168,10,4.1,mb,,81,0.261,0.99,us,us1000731q,2017-01-24T02:02:10.040Z,"7km NNE of Norcia, Italy",earthquake,5.1,1.7,0.212,6,reviewed,us,us
2016-10-30T07:13:06.330Z,42.7282,13.1757,10,4.3,mb,,49,0.258,0.56,us,us1000731p,2017-01-24T02:02:10.040Z,"9km SE of Norcia, Italy",earthquake,5.1,1.8,0.148,13,reviewed,us,us
2016-10-30T07:08:35.000Z,42.71,13.14,10,4.3,ml,,,,1.14,us,us1000743z,2017-01-24T02:02:10.040Z,"7km E of Maltignano, Italy",earthquake,11.2,2,,,reviewed,rom,rom
2016-10-30T07:07:55.010Z,42.6874,13.2009,10,4.5,mb,,48,0.215,0.81,us,us10007433,2017-01-24T02:02:10.040Z,"10km NW of Amatrice, Italy",earthquake,5.5,1.8,0.156,12,reviewed,us,us
2016-10-30T07:05:59.540Z,42.921,13.1083,10,4.3,mb,,49,0.218,0.85,us,us10007434,2017-01-24T02:02:10.040Z,"1km ESE of Visso, Italy",earthquake,5.5,2,0.217,6,reviewed,us,us
2016-10-30T07:04:59.000Z,42.83,13.06,10,4,mb,,,,0.72,us,us1000743w,2017-01-24T02:02:10.040Z,"5km NW of Norcia, Italy",earthquake,3.7,2,0.519,1,reviewed,rom,us
2016-10-30T07:01:33.130Z,42.7365,13.1695,10,4.2,mb,,108,0.267,0.53,us,us1000743g,2017-01-24T02:02:10.040Z,"8km SE of Norcia, Italy",earthquake,4.4,1.5,0.525,1,reviewed,us,us
2016-10-30T07:00:38.960Z,42.6342,13.1929,10,4,mb,,125,0.44,0.9,us,us1000744n,2017-01-24T02:02:10.040Z,"8km W of Amatrice, Italy",earthquake,4.4,2,0.259,4,reviewed,us,us
2016-10-30T06:55:41.000Z,42.71,13.2,11,3.7,mb,,,,0.89,us,us1000744m,2017-01-24T02:02:10.040Z,"10km SW of Arquata del Tronto, Italy",earthquake,5.5,1.1,0.505,1,reviewed,rom,us
2016-10-30T06:40:18.670Z,42.8621,13.0961,8,6.6,mww,,25,0.174,0.67,us,us1000731j,2019-07-05T03:15:53.225Z,"7km N of Norcia, Italy",earthquake,5.3,1.8,,,reviewed,us,us
2016-10-30T05:27:04.940Z,44.3875,39.5642,10,4.6,mb,,26,2.287,0.78,us,us1000731g,2017-01-24T02:02:09.040Z,"4km SSE of Khadyzhensk, Russia",earthquake,6.3,1.9,0.077,51,reviewed,us,us
2016-10-29T16:24:33.170Z,42.81,13.1,11,4.2,mwr,,,,1.19,us,us100072z3,2017-01-24T02:02:09.040Z,"1km NNE of Norcia, Italy",earthquake,5.6,5,0.055,32,reviewed,rom,us
2016-10-28T19:56:31.790Z,42.9105,13.1454,4.7,4.4,mb,,32,0.133,1,us,us100072sq,2017-01-24T02:02:07.040Z,"5km ESE of Visso, Italy",earthquake,5.6,6.4,0.203,7,reviewed,us,us
2016-10-27T17:22:23.400Z,42.84,13.1,9,4.2,mwr,,,,0.94,us,us100072fm,2017-01-20T00:31:10.040Z,"5km N of Norcia, Italy",earthquake,5.4,4.8,0.047,44,reviewed,rom,us
2016-10-27T08:21:45.850Z,42.8397,13.0553,2.76,4.3,mwr,,84,0.043,0.74,us,us100072aj,2017-01-20T00:31:09.040Z,"6km NNW of Norcia, Italy",earthquake,5.9,3.3,0.047,44,reviewed,us,us
2016-10-27T03:50:24.660Z,42.9578,13.0967,10,4,mwr,,28,0.124,0.84,us,us1000729w,2017-01-20T00:31:09.040Z,"3km NNE of Visso, Italy",earthquake,4.7,1.9,0.065,23,reviewed,us,us
2016-10-27T03:19:27.800Z,42.84,13.15,9,4,mwr,,,,0.74,us,us1000729p,2017-01-20T00:31:08.040Z,"6km NE of Norcia, Italy",earthquake,4.4,4.7,,,reviewed,rom,zamg
2016-10-27T00:21:29.930Z,42.996,13.115,8.2,4.2,mb,,,,0.7,us,us10007281,2017-01-20T00:31:08.040Z,"7km SE of Pieve Torina, Italy",earthquake,4.9,5.6,0.264,4,reviewed,rom,us
2016-10-26T23:52:30.100Z,42.841,13.163,8.2,3.6,mwr,,,,0.85,us,us1000727n,2017-01-20T00:31:08.040Z,"7km NE of Norcia, Italy",earthquake,5.3,3.8,0.062,25,reviewed,rom,us
2016-10-26T21:42:02.410Z,42.872,13.1025,6.72,4.7,mwr,,26,0.255,0.68,us,us1000726w,2017-01-20T00:31:08.040Z,"6km S of Visso, Italy",earthquake,4.6,3.1,0.054,33,reviewed,us,us
2016-10-26T21:24:51.740Z,42.87,13.08,9,4.1,mb,,,,1.04,us,us1000726r,2017-01-20T00:31:08.040Z,"6km S of Visso, Italy",earthquake,4.1,3.8,0.166,10,reviewed,rom,us
2016-10-26T19:43:43.780Z,42.89,13.07,10,4.1,mb,,,,1.03,us,us10007267,2017-01-20T00:31:08.040Z,"4km SSW of Visso, Italy",earthquake,3.5,5.4,0.214,6,reviewed,rom,us
2016-10-26T19:18:08.430Z,42.9564,13.0666,10,6.1,mww,,17,0.081,0.71,us,us1000725y,2018-10-26T09:51:48.085Z,"3km NNW of Visso, Italy",earthquake,4.7,1.7,,,reviewed,us,us
2016-10-26T17:10:37.210Z,42.858,13.0528,6,5.5,mww,,32,0.051,0.88,us,us20007guy,2017-01-20T00:31:07.040Z,"8km NNW of Norcia, Italy",earthquake,4.4,1.7,,,reviewed,us,us
2016-10-25T16:53:00.820Z,43.5947,11.0631,10,4.2,mb,,113,0.15,0.91,us,us20007gn0,2017-01-20T00:31:06.040Z,"5km NNE of Certaldo, Italy",earthquake,2,1.9,0.215,6,reviewed,us,us
2016-10-17T23:50:33.920Z,51.4602,16.2018,5,4.5,mb,,34,1.889,0.91,us,us20007ez1,2017-01-15T01:13:55.040Z,"6km N of Lubin, Poland",earthquake,5.2,1.9,0.046,140,reviewed,us,us
2016-10-16T09:32:37.210Z,42.737,13.0769,10,4.3,mb,,49,0.1,1.16,us,us20007ej6,2017-01-15T01:14:00.040Z,"4km NNE of Maltignano, Italy",earthquake,2.4,1.9,0.177,9,reviewed,us,us
2016-10-08T18:11:10.520Z,42.721,13.1054,7.39,4,mwr,,57,0.112,0.86,us,us20007cth,2017-01-07T00:20:46.040Z,"5km ENE of Maltignano, Italy",earthquake,4,5.7,0.056,31,reviewed,us,us
2016-10-07T09:25:46.780Z,45.2638,18.3968,10,4.4,mb,,39,1.628,1.12,us,us20007cjw,2017-01-07T00:20:44.040Z,"1km NNW of Piskorevci, Croatia",earthquake,4.9,1.2,0.112,23,reviewed,us,us
2016-10-04T12:41:35.300Z,42.86,13.12,9,4.1,mb,,,,1.28,us,us10006uy3,2017-01-03T21:10:44.040Z,"7km NNE of Norcia, Italy",earthquake,5.5,5.8,0.262,4,reviewed,rom,us
2016-10-02T19:41:19.290Z,42.4892,19.1307,16.01,4.2,mb,,25,0.113,0.93,us,us10006ujn,2017-01-03T21:10:41.040Z,"5km WSW of Spuz, Montenegro",earthquake,5.3,5.3,0.186,8,reviewed,us,us
2016-09-23T23:11:20.810Z,45.7275,26.6097,92,5.6,mww,,10,0.307,0.96,us,us10006s5c,2019-04-22T15:49:10.802Z,"8km W of Nereju, Romania",earthquake,4,1.8,,,reviewed,us,us
2016-09-21T19:27:36.730Z,42.556,40.9136,14.09,4.3,mb,,45,1.875,0.84,us,us10006rff,2019-08-08T17:05:04.027Z,"48km WSW of Och'amch'ire, Georgia",earthquake,6.5,5,0.09,35,reviewed,us,us
2016-09-19T23:34:26.550Z,42.7166,13.1893,6.87,4.1,mb,,46,0.129,0.94,us,us10006qxz,2016-12-12T23:01:32.040Z,"10km SW of Arquata del Tronto, Italy",earthquake,5.6,6.1,0.109,23,reviewed,us,us
2016-09-11T18:39:02.570Z,42.68,13.28,10,4,mb,,,,1.45,us,us10006nvh,2016-12-07T02:56:11.040Z,"6km NNW of Amatrice, Italy",earthquake,4.7,6.6,0.367,2,reviewed,rom,us
2016-09-03T10:18:51.190Z,42.87,13.21,9,4.4,mwr,,,,1.14,us,us10006jxi,2016-12-03T02:54:37.040Z,"11km ESE of Visso, Italy",earthquake,5.4,5.2,0.049,40,reviewed,rom,us
2016-09-03T01:34:13.130Z,42.831,13.0956,4.52,4.4,mwr,,52,0.014,0.94,us,us10006juj,2016-12-03T02:54:36.040Z,"4km N of Norcia, Italy",earthquake,5.4,5,,,reviewed,us,rom
2016-08-31T18:12:52.620Z,42.8627,13.2213,2.83,4.1,mb,,85,0.083,0.69,us,us10006j30,2016-11-29T01:28:48.040Z,"11km NNW of Arquata del Tronto, Italy",earthquake,3.9,6.5,0.233,5,reviewed,us,us
2016-08-29T01:44:25.000Z,42.76,13.19,10,3.5,ml,,,,1.23,us,us20006ux8,2016-11-29T01:28:45.040Z,"8km ESE of Norcia, Italy",earthquake,5.3,7.5,,,reviewed,rom,rom
2016-08-28T16:42:02.320Z,42.8814,13.102,3.55,4.3,mb,,86,0.048,0.66,us,us20006uu0,2016-11-29T01:28:44.040Z,"5km SSE of Visso, Italy",earthquake,4.1,5.9,0.376,2,reviewed,us,us
2016-08-28T15:55:35.710Z,42.7975,13.1733,2.46,4.2,mwr,,36,0.056,0.88,us,us20006utk,2016-11-29T01:28:44.040Z,"6km E of Norcia, Italy",earthquake,3.7,3.7,0.043,52,reviewed,us,us
2016-08-28T13:07:34.500Z,42.6665,13.2488,11.65,4.3,mb,,70,0.194,0.56,us,us20006ut2,2016-11-29T01:28:44.040Z,"5km NW of Amatrice, Italy",earthquake,4.6,5.8,0.306,3,reviewed,us,us
2016-08-27T02:50:59.260Z,42.8608,13.2683,4.46,4.1,mwr,,45,0.116,0.65,us,us20006ufy,2016-11-29T01:28:41.040Z,"10km NNW of Arquata del Tronto, Italy",earthquake,5.2,2.7,0.048,41,reviewed,us,us
2016-08-26T04:28:25.890Z,42.6,13.29,11,4.8,mwr,,,,0.8,us,us20006u4g,2016-11-29T01:28:40.040Z,"2km S of Amatrice, Italy",earthquake,5,4.1,0.049,40,reviewed,rom,us
2016-08-25T12:36:07.180Z,42.6654,13.1732,10,4.4,mwr,,41,0.173,0.84,us,us20006tu8,2016-11-19T04:58:39.040Z,"10km WNW of Amatrice, Italy",earthquake,5.5,2,0.047,43,reviewed,us,us
2016-08-25T04:51:41.020Z,42.6397,13.2478,9.54,4.2,mb,,56,0.217,0.6,us,us20006trw,2016-11-19T04:58:39.040Z,"4km WNW of Amatrice, Italy",earthquake,5.5,6.3,0.2,7,reviewed,us,us
2016-08-25T03:17:16.580Z,42.7611,13.214,10,4.4,mwr,,48,0.103,0.81,us,us20006trj,2016-11-19T04:58:38.040Z,"6km W of Arquata del Tronto, Italy",earthquake,2.6,1.9,0.044,49,reviewed,us,us
2016-08-24T23:22:06.630Z,42.6589,13.1775,5.14,4.1,mwr,,66,0.18,0.63,us,us20006tqg,2016-11-19T04:58:38.040Z,"10km WNW of Amatrice, Italy",earthquake,4.7,4.9,0.056,31,reviewed,us,us
2016-08-24T21:08:41.380Z,42.847,47.0997,10,4.3,mb,,97,3.192,1.1,us,us20006tp2,2016-11-19T04:58:38.040Z,"3km NNW of Buynaksk, Russia",earthquake,7,1.9,0.161,11,reviewed,us,us
2016-08-24T17:46:11.210Z,42.7279,13.2082,10,4.3,mwr,,42,0.126,0.72,us,us10006gmi,2016-11-19T04:58:38.040Z,"8km SW of Arquata del Tronto, Italy",earthquake,4.9,1.7,0.041,58,reviewed,us,us
2016-08-24T14:02:22.430Z,42.7989,13.1462,10,4.3,mb,,80,0.041,0.75,us,us10006gf2,2016-11-19T04:58:38.040Z,"4km E of Norcia, Italy",earthquake,5.4,1.9,0.201,7,reviewed,us,us
2016-08-24T11:50:31.500Z,42.8989,13.0834,10,4.6,mwr,,26,0.547,0.74,us,us10006gee,2016-11-19T04:58:38.040Z,"3km S of Visso, Italy",earthquake,4.6,1.4,0.098,10,reviewed,us,us
2016-08-24T04:06:51.710Z,42.7959,13.0745,2.61,4.5,mwr,,48,0.047,0.91,us,us10006g8k,2016-11-19T04:58:37.040Z,"1km W of Norcia, Italy",earthquake,5.4,4.4,0.057,30,reviewed,us,us
2016-08-24T03:40:11.230Z,42.6522,13.2549,6.12,4.2,mwr,,41,0.208,0.71,us,us10006g8a,2016-11-19T04:58:37.040Z,"4km NW of Amatrice, Italy",earthquake,3.4,5.8,0.086,13,reviewed,us,us
2016-08-24T02:59:36.000Z,42.8104,13.1056,6.87,4.1,mwr,,46,0.024,0.83,us,us10006g84,2016-11-19T04:58:37.040Z,"2km NNE of Norcia, Italy",earthquake,5.3,4.8,0.093,11,reviewed,us,us
2016-08-24T02:51:27.630Z,42.7596,13.1812,7.15,4.1,mb,,105,0.088,0.86,us,us10006g82,2016-11-19T04:58:37.040Z,"7km ESE of Norcia, Italy",earthquake,5.2,7.9,0.37,2,reviewed,us,us
2016-08-24T02:33:29.450Z,42.8413,13.1533,3.25,5.6,mww,,23,0.521,0.84,us,us10006g7w,2019-08-08T14:29:06.757Z,"7km NE of Norcia, Italy",earthquake,3.9,2.1,,,reviewed,us,us
2016-08-24T02:19:44.230Z,42.6817,13.1667,4.07,4,mb,,65,0.371,0.83,us,us10006g7u,2016-11-19T04:58:37.040Z,"9km ESE of Maltignano, Italy",earthquake,5.8,6,0.232,5,reviewed,us,us
2016-08-24T02:07:31.090Z,42.6243,13.1756,2.84,4.2,mb,,68,0.319,1.03,us,us20006v9n,2016-11-19T04:58:37.040Z,"9km W of Amatrice, Italy",earthquake,7,5.8,0.176,9,reviewed,us,us
2016-08-24T02:05:55.920Z,42.6352,13.3022,10.72,4.1,mb,,67,0.291,1.24,us,us10006g7m,2016-11-19T04:58:37.040Z,"1km NNE of Amatrice, Italy",earthquake,2.3,5.5,0.123,18,reviewed,us,us
2016-08-24T02:01:08.920Z,42.7856,13.1447,7.78,4.2,mb,,59,0.472,1.29,us,us10006g7l,2016-11-19T04:58:37.040Z,"4km ESE of Norcia, Italy",earthquake,3.3,6.3,0.236,5,reviewed,us,us
2016-08-24T01:56:01.940Z,42.6404,13.1986,10,4.6,mb,,36,0.324,1.12,us,us10006g7j,2016-11-19T04:58:37.040Z,"8km W of Amatrice, Italy",earthquake,3.8,1.7,0.072,58,reviewed,us,us
2016-08-24T01:36:32.870Z,42.723,13.1877,4.44,6.2,mww,,25,0.123,0.68,us,us10006g7d,2019-12-01T16:21:11.251Z,"10km SE of Norcia, Italy",earthquake,4.4,2.8,,,reviewed,us,us
2016-08-13T12:00:57.280Z,51.5615,16.1243,5,4.7,mb,,36,1.97,1.25,us,us10006djv,2016-11-15T02:21:47.040Z,"5km SW of Grebocice, Poland",earthquake,5.5,1.9,0.068,66,reviewed,us,us
2016-08-07T08:15:05.480Z,47.0666,37.5923,10,4.8,mb,,27,4.742,1.09,us,us10006bxe,2017-01-27T06:45:23.969Z,"7km E of Mariupol', Ukraine",earthquake,6.7,1.9,0.049,128,reviewed,us,us
2016-07-30T19:10:37.310Z,51.5629,16.2081,5,4.2,mb,,39,1.979,0.87,us,us100068uh,2016-10-19T04:51:52.040Z,"4km SE of Grebocice, Poland",earthquake,4.8,1.9,0.199,7,reviewed,us,us
2016-07-28T06:05:15.560Z,42.947,40.9144,10,4.2,mb,,56,1.637,0.95,us,us100067z6,2016-09-24T22:47:22.040Z,"9km SW of Sokhumi, Georgia",earthquake,5.9,1.9,0.11,23,reviewed,us,us
2016-06-23T14:37:56.680Z,44.0943,9.9234,10.14,4.2,mb,,44,0.366,0.72,us,us2000668w,2016-08-27T02:15:36.040Z,"2km NNE of Lerici, Italy",earthquake,4.1,2.6,0.152,12,reviewed,us,us
2016-06-09T02:05:40.060Z,44.4626,21.6239,2,4.2,mwr,,73,0.33,0.68,us,us200062z2,2019-12-09T12:37:54.347Z,"6km S of Turija, Serbia",earthquake,3,4.2,0.062,25,reviewed,buc,us
2016-05-30T20:24:20.470Z,42.71,11.96,15,4.4,mwr,,,,0.96,us,us20005z8x,2016-08-10T22:30:28.040Z,"1km WNW of Castel Giorgio, Italy",earthquake,5.2,4.2,,,reviewed,rom,zamg
2016-05-13T21:17:47.500Z,42.9476,46.4079,75.96,4.8,mww,,24,0.207,0.53,us,us10005hax,2016-07-22T19:39:05.040Z,"12km SSW of Zandak, Russia",earthquake,4,4.2,,,reviewed,us,us
2016-05-08T01:45:30.390Z,44.9427,15.2805,6.28,3.3,ml,,37,1.316,0.84,us,us10005ft1,2016-07-20T18:10:47.040Z,"8km NNE of Otocac, Croatia",earthquake,5.9,4.9,0.055,44,reviewed,us,us
2016-04-25T10:28:22.840Z,48.0884,16.1428,3.46,4.2,ml,,58,0.247,0.67,us,us20005ljz,2016-07-08T02:49:22.040Z,"3km NNE of Heiligenkreuz, Austria",earthquake,2.8,6.4,0.3,23,reviewed,us,zamg
2016-04-18T06:46:14.040Z,42.3999,25.9692,5,4.3,mb,,93,1.33,0.92,us,us20005je7,2016-06-27T23:02:05.040Z,"10km SSW of Nova Zagora, Bulgaria",earthquake,3.4,5.2,0.129,17,reviewed,buc,us
2016-03-19T21:55:29.600Z,65.0622,22.512,14.86,4.2,mb,,38,0.588,0.81,us,us20005b41,2017-09-08T10:04:09.500Z,"56km ESE of Pitea, Sweden",earthquake,1.3,4.4,0.08,43,reviewed,us,us
2016-03-18T21:58:18.500Z,45.8877,21.1683,4.5,2.9,ml,,,,1.18,us,us20005bah,2016-06-09T21:41:49.040Z,"3km N of Sanandrei, Romania",earthquake,4.2,8,,,reviewed,buc,buc
2016-03-01T11:06:12.870Z,45.825,26.987,66.5,4.3,mb,,,,0.63,us,us10004tss,2016-05-06T23:34:21.040Z,"6km W of Bolotesti, Romania",earthquake,3.8,5,0.265,4,reviewed,buc,us
2016-02-27T02:50:31.700Z,42.54,18.49,10,3.5,ml,,,,0.73,us,us10004t2y,2016-05-06T23:34:15.040Z,"8km N of Igalo, Montenegro",earthquake,4.6,5.7,,,reviewed,pdg,pdg
2016-02-25T04:36:24.280Z,51.5045,16.2473,8.25,4,mb,,56,1.916,0.65,us,us10004si1,2016-05-03T23:44:21.040Z,"1km WSW of Rudna, Poland",earthquake,6.3,5.4,0.232,5,reviewed,us,us
2016-02-23T10:47:41.350Z,43.4976,41.4373,10,4,mb,,84,1.014,0.77,us,us10004sxd,2016-05-03T23:44:18.040Z,"19km S of Nizhniy Arkhyz, Russia",earthquake,6.6,1.9,0.298,3,reviewed,us,us
2016-02-14T14:51:29.550Z,43.0612,17.4307,10,4.4,mb,,24,1.488,1.16,us,us20005051,2016-04-26T23:28:21.040Z,"8km WNW of Komin, Croatia",earthquake,4.7,1.9,0.097,31,reviewed,us,us
2016-02-03T17:05:56.390Z,43.8402,45.7628,124.95,4.2,mb,,89,2.1,0.52,us,us20004wv2,2016-04-14T22:51:42.040Z,"35km NNE of Kalinovskaya, Russia",earthquake,11,18.8,0.186,8,reviewed,us,us
2016-01-08T13:07:42.250Z,42.9131,18.5153,26.73,4.6,mb,,19,0.731,0.99,us,us10004cci,2016-03-30T02:27:49.040Z,"8km ENE of Bileca, Bosnia and Herzegovina",earthquake,4.6,5,0.099,30,reviewed,us,us
2015-12-29T18:56:29.230Z,45.3705,24.1642,27.16,4.3,mb,,30,1.259,1.09,us,us10004a9m,2016-03-18T01:13:06.040Z,"7km WNW of Brezoi, Romania",earthquake,4.9,6.6,0.111,23,reviewed,us,us
2015-12-16T20:27:33.050Z,45.652,26.5742,138.7,4.1,ml,,56,0.21,0.38,us,us20004hmi,2016-03-05T01:42:09.040Z,"13km WSW of Nereju, Romania",earthquake,4.7,5.8,0.3,2,reviewed,buc,buc
2015-12-06T16:24:38.700Z,42.3564,15.2049,3.99,4.6,mwr,,27,0.723,0.61,us,us100044g7,2016-03-02T03:36:34.040Z,"44km NNE of Termoli, Italy",earthquake,4.6,2,,,reviewed,us,rom
2015-12-06T05:28:11.680Z,42.647,15.2201,26.33,4.4,mb,,39,0.973,0.63,us,us100044dz,2016-03-02T03:36:34.040Z,"71km NE of Vasto, Italy",earthquake,4.8,6.1,0.24,11,reviewed,us,us
2015-12-06T03:22:49.160Z,42.5403,15.1042,5.5,4.5,mb,,29,0.918,0.81,us,us20004fxl,2016-03-02T03:36:34.040Z,"56km NE of Vasto, Italy",earthquake,2.8,4.5,0.111,24,reviewed,us,us
2015-12-06T03:21:43.410Z,42.3918,15.1511,17.86,4.1,mb,,53,0.774,0.68,us,us100044cx,2016-03-02T03:36:34.040Z,"46km NNE of Termoli, Italy",earthquake,5.6,6,0.234,5,reviewed,us,us
2015-11-29T21:28:37.230Z,45.8103,26.7208,121.4,3.9,mb,,,,0.81,us,us100042zq,2016-02-25T22:33:01.040Z,"2km SSW of Nistoresti, Romania",earthquake,5.3,5.3,0.194,7,reviewed,buc,us
2015-11-28T21:29:56.640Z,45.79,9.79,5,3,ml,,,,0.8,us,us100041y1,2016-02-25T22:32:59.040Z,"2km N of Albino, Italy",earthquake,4.1,2,,,reviewed,rom,rom
2015-11-18T01:17:48.900Z,42.3789,43.0252,3.5,4.1,mb,,71,0.38,1.26,us,us10003zte,2016-02-13T02:08:28.040Z,"3km NE of Tqibuli, Georgia",earthquake,4.3,6,0.184,8,reviewed,us,us
2015-11-17T23:28:10.010Z,50.1367,19.2467,6.06,4.1,mb,,45,1.158,0.66,us,us10003z68,2016-02-13T02:08:28.040Z,"3km N of Chelmek, Poland",earthquake,2.9,5.9,0.233,5,reviewed,us,us
2015-11-14T19:22:36.160Z,43.6915,38.9434,10,4.2,mb,,120,2.721,0.79,us,us10003z9k,2016-02-13T02:08:21.040Z,"39km SW of Lazarevskoye, Russia",earthquake,4.9,2,0.306,3,reviewed,us,us
2015-11-03T17:43:21.210Z,44.8812,41.6113,15.27,4.4,mb,,40,1.204,1.41,us,us200041nq,2016-01-30T02:11:05.040Z,"14km N of Zavetnoye, Russia",earthquake,4.5,5.1,0.075,51,reviewed,us,us
2015-11-01T07:52:33.220Z,45.8618,15.5518,2.36,4.3,mwr,,28,0.892,0.84,us,us20004166,2016-01-30T02:11:00.040Z,"5km SSW of Brezice, Slovenia",earthquake,4,2,0.053,34,reviewed,us,us
2015-10-18T21:44:55.330Z,57.1839,58.8706,15.36,4.2,mb,,45,0.775,0.86,us,us10003pjr,2016-01-15T20:51:09.040Z,"11km SE of Shalya, Russia",earthquake,4.8,5,0.092,33,reviewed,us,us
2015-10-16T02:16:49.690Z,42.4753,44.9236,22.73,4.4,mb,,79,1.093,0.6,us,us10003p1i,2016-01-15T20:50:44.040Z,"23km NE of P'asanauri, Georgia",earthquake,7.9,5.8,0.096,31,reviewed,us,us
2015-10-07T09:25:02.050Z,45.6574,26.8586,129.699,4.4,mb,,47,0.15,0.81,us,us10003leh,2016-01-04T22:29:31.040Z,"9km W of Poiana Cristei, Romania",earthquake,3.8,3.4,0.179,9,reviewed,buc,us
2015-09-29T15:53:49.030Z,45.7228,26.7268,121,4.1,ml,,39,0.14,0.57,us,us10003iw9,2015-12-28T23:08:49.040Z,"1km NE of Nereju, Romania",earthquake,3.8,3.7,0.35,5,reviewed,buc,buc
2015-09-15T18:41:37.200Z,45.7912,16.0191,3,2.6,ml,,,,0.56,us,us20003jtq,2015-12-12T00:42:54.040Z,"4km SE of Zagreb - Centar, Croatia",earthquake,7.7,4.5,,,reviewed,zag,zag
2015-09-14T09:07:52.960Z,43.2997,41.551,33.54,4.4,mb,,34,1.053,1.21,us,us20003j9r,2015-12-12T00:42:51.040Z,"22km SW of Teberda, Russia",earthquake,5.6,6.6,0.118,21,reviewed,us,us
2015-09-13T01:04:35.130Z,43.5572,11.2764,4.11,4.2,mb,,100,0.822,1.39,us,us20003j3q,2015-12-12T00:42:49.040Z,"4km SW of Greve, Italy",earthquake,3.1,5.9,0.304,5,reviewed,us,us
2015-09-12T02:08:49.990Z,43.6712,45.7427,121.66,4,mb,,75,1.994,0.9,us,us20003np3,2015-12-12T00:42:47.040Z,"20km ENE of Kalinovskaya, Russia",earthquake,8,8.3,0.13,16,reviewed,us,us
2015-08-29T18:47:04.120Z,46.2498,13.641,2.24,4,mwr,,19,0.38,1.12,us,us1000360c,2016-10-16T11:19:45.564Z,"4km E of Kobarid, Slovenia",earthquake,2.4,4.2,0.05,39,reviewed,us,us
2015-08-24T03:43:53.000Z,44.26,11.94,22,3.5,ml,,,,1.04,us,us100034em,2015-11-24T02:09:32.040Z,"5km ESE of Faenza, Italy",earthquake,4,8.2,,,reviewed,rom,rom
2015-08-01T20:47:51.580Z,45.899,10.771,6.5,3.9,mb,,,,0.66,us,us10002x6v,2015-10-30T02:47:42.040Z,"3km N of Molina di Ledro, Italy",earthquake,3.6,3.6,0.257,4,reviewed,rom,us
2015-07-30T23:37:13.330Z,67.1299,20.6582,15.96,4,mb,,127,3.011,0.79,us,us10002whx,2015-10-30T02:47:38.040Z,"0km SSE of Gaellivare, Sweden",earthquake,5.3,5.5,0.108,23,reviewed,us,us
2015-07-29T19:46:02.650Z,57.8001,11.902,13.38,3.4,ml,,162,2.209,0.43,us,us10002w87,2016-11-24T22:30:13.487Z,"7km WSW of Surte, Sweden",earthquake,6.1,7.3,0.181,4,reviewed,us,us
2015-07-22T12:57:44.280Z,44.16,10.89,10,3.6,mb,,,,1.39,us,us20002z88,2015-10-14T21:05:50.040Z,"0km WSW of Lizzano in Belvedere, Italy",earthquake,4.9,1.9,0.498,2,reviewed,rom,us
2015-07-19T19:18:04.090Z,51.57,16.11,1,4,mb,,25,3.65,1.34,us,us20002yjj,2015-10-14T21:05:45.040Z,"5km SW of Grebocice, Poland",earthquake,5.4,6.9,0.365,2,reviewed,zamg,us
2015-07-19T11:30:47.060Z,48.0951,23.6567,4.6,4,mb,,177,0.44,1.22,us,us20002yi4,2015-10-14T21:05:44.040Z,"8km WSW of Neresnytsya, Ukraine",earthquake,4.5,6.1,0.299,3,reviewed,buc,us
2015-07-15T08:30:38.090Z,43.3661,28.5652,20.4,3.8,mb,,153,0.12,0.85,us,us20002xkv,2015-10-09T20:19:18.040Z,"18km S of Shabla, Bulgaria",earthquake,3.1,2.6,0.294,3,reviewed,buc,us
2015-07-13T23:35:10.010Z,45.6612,26.4432,147.9,4,mb,,56,0.22,0.81,us,us20002xbq,2015-10-09T20:19:16.040Z,"18km SE of Comandau, Romania",earthquake,4.4,3.9,0.164,10,reviewed,buc,us
2015-07-08T06:53:19.340Z,51.5919,16.0691,5,4.7,mb,,33,1.939,1.31,us,us20002vxi,2015-09-30T00:21:02.040Z,"6km W of Grebocice, Poland",earthquake,5.2,1.8,0.047,138,reviewed,us,us
2015-07-06T23:58:09.590Z,42.381,19.3946,20.7,4.3,mb,,,,0.84,us,us20002vkp,2015-09-30T00:20:59.040Z,"5km ENE of Tuzi, Montenegro",earthquake,3.6,5.3,0.168,10,reviewed,pdg,us
2015-07-06T13:42:17.060Z,42.3635,19.3734,20.35,4.4,mb,,23,0.106,0.82,us,us10002nna,2015-09-30T00:20:59.040Z,"3km E of Tuzi, Montenegro",earthquake,5,5.2,0.126,18,reviewed,us,us
2015-07-05T14:26:48.040Z,45.6957,26.6526,132.9,4.4,mb,,29,0.16,0.76,us,us10002nj3,2015-09-30T00:20:57.040Z,"5km WSW of Nereju, Romania",earthquake,4.1,4.2,0.536,1,reviewed,buc,us
2015-07-03T17:05:37.630Z,58.0225,46.2838,14.78,4.2,mb,,114,5.693,1.2,us,us20002yy3,2015-09-30T00:20:53.040Z,"2km WNW of Syava, Russia",earthquake,9.8,7,0.216,6,reviewed,us,us
2015-06-29T22:20:56.000Z,46.0347,27.1698,21.4,4.3,mb,,57,0.17,0.89,us,us10002mfv,2015-09-02T22:37:24.040Z,"4km NNW of Pufesti, Romania",earthquake,2.4,4.3,0.147,13,reviewed,buc,us
2015-06-16T13:50:39.200Z,43.0598,47.6523,18.99,4.1,mb,,99,3.124,0.56,us,us10002mks,2015-08-20T00:44:00.040Z,"15km NE of Makhachkala, Russia",earthquake,8.2,6,0.144,13,reviewed,us,us
2015-06-01T00:31:58.780Z,42.8782,18.6833,10,4,mb,,28,0.618,0.82,us,us20002kwm,2015-08-08T00:49:35.040Z,"20km E of Bileca, Bosnia and Herzegovina",earthquake,3.9,1.9,0.149,12,reviewed,us,us
2015-05-29T13:07:57.260Z,42.92,14.3,10,4.4,mwr,,,,1.17,us,us20002kby,2015-08-08T00:49:04.040Z,"31km E of Martinsicuro, Italy",earthquake,4.1,2,0.055,32,reviewed,rom,us
2015-05-15T05:35:47.120Z,45.849,12.084,12.4,3.5,ml,,,,0.78,us,us1000296j,2015-07-23T01:04:00.040Z,"2km SW of Moriago della Battaglia, Italy",earthquake,4.2,7,,,reviewed,rom,rom
2015-05-12T02:02:50.120Z,45.87,12.06,2,3.5,ml,,,,0.41,us,us20002eij,2015-07-17T07:06:09.040Z,"1km ENE of Vidor, Italy",earthquake,2.2,6.4,,,reviewed,rom,rom
2015-05-01T21:25:33.370Z,42.767,17.93,2,4,mb,,,,1.24,us,us20002arf,2015-07-09T22:00:05.040Z,"11km SE of Podgora, Croatia",earthquake,3,2,0.164,10,reviewed,pdg,us
2015-04-28T16:16:49.790Z,44.5195,17.5957,9.48,4,mb,,25,1.699,0.84,us,us200029x0,2015-07-03T00:23:46.040Z,"7km SE of Maslovare, Bosnia and Herzegovina",earthquake,4.5,4.1,0.149,12,reviewed,us,us
2015-04-24T15:02:54.100Z,44.228,11.9,20.9,4.5,mb,,,,1.03,us,us200028uy,2015-07-03T00:23:38.040Z,"6km SSE of Faenza, Italy",earthquake,4.3,5.1,0.192,8,reviewed,rom,us
2015-04-21T02:02:27.030Z,42.489,18.573,9,2.9,ml,,,,1,us,us2000288p,2015-06-26T23:16:00.040Z,"4km NE of Herceg-Novi, Montenegro",earthquake,3.7,8,,,reviewed,pdg,pdg
2015-04-17T22:16:22.170Z,50.2457,18.8923,5,4.3,mb,,34,0.582,0.8,us,us200027gk,2015-06-26T23:15:55.040Z,"2km ESE of Ruda Slaska, Poland",earthquake,5.7,1.9,0.116,21,reviewed,us,us
2015-04-16T06:38:08.790Z,51.44,12.129,20.6,3.3,ml,,,,1,us,us20002766,2019-07-05T07:42:44.910Z,"1km NE of Grobers, Germany",earthquake,7.8,9.3,,,reviewed,bgrd,bgrd
2015-04-12T00:05:32.000Z,43.761,18.569,3.6,4.1,mb,,,,0.81,us,us200025vq,2015-06-22T23:18:57.040Z,"5km S of Koran, Bosnia and Herzegovina",earthquake,2.2,4.4,0.12,19,reviewed,sors,us
2015-04-06T08:50:11.900Z,42.38,21.47,1,3.5,ml,,,,1.65,us,us10001v62,2015-06-16T01:00:29.040Z,"8km S of Gjilan, Kosovo",earthquake,5.3,7.7,,,reviewed,sko,sko
2015-04-01T07:33:54.930Z,44.2786,16.3272,24.76,4.1,mb,,18,2.313,0.94,us,us10001spf,2015-06-12T01:53:33.040Z,"11km NNW of Bosansko Grahovo, Bosnia and Herzegovina",earthquake,4.7,3.9,0.214,6,reviewed,us,us
2015-03-29T00:44:58.080Z,45.6231,26.4579,141.6,4.5,mb,,38,0.19,0.88,us,us10001rp6,2015-06-12T01:53:27.040Z,"15km NNE of Gura Teghii, Romania",earthquake,3.1,3.3,0.065,69,reviewed,buc,us
2015-03-16T15:49:49.050Z,45.6587,26.4354,115.7,4.4,mb,,56,0.22,0.85,us,us10001msg,2015-06-04T00:46:22.040Z,"17km SE of Comandau, Romania",earthquake,3.4,3.3,0.052,108,reviewed,buc,us
2015-03-15T14:01:03.070Z,43.0727,76.9111,27.91,4.8,mb,,58,4.687,0.58,us,us10001mj7,2015-06-04T00:46:21.040Z,"19km S of Almaty, Kazakhstan",earthquake,7.1,4.4,0.05,121,reviewed,us,us
2015-03-08T20:47:27.370Z,44.1261,19.9357,9.02,4.4,mwr,,29,0.049,0.79,us,usc000twlg,2015-05-28T00:48:39.040Z,"16km S of Valjevo, Serbia",earthquake,3.3,5.4,0.08,15,reviewed,us,us
2015-03-04T00:00:04.350Z,43.604,11.175,9.2,4,mwr,,,,1.3,us,usc000tust,2015-05-19T00:29:56.040Z,"4km N of Tavarnelle Val di Pesa, Italy",earthquake,5.7,3.1,,,reviewed,rom,rom
2015-03-03T23:51:54.350Z,43.594,11.177,10.1,3.3,ml,,,,0.83,us,usc000tusn,2015-05-19T00:29:56.040Z,"3km N of Tavarnelle Val di Pesa, Italy",earthquake,4.9,7.1,,,reviewed,rom,rom
2015-02-28T08:24:25.300Z,43.57,18.43,5,4.1,mb,,,,1.09,us,usc000tty8,2015-05-19T00:29:10.040Z,"21km SSE of Gracanica, Bosnia and Herzegovina",earthquake,3.5,1.9,0.214,6,reviewed,pdg,us
2015-02-21T21:21:38.000Z,44.47,18.87,3.1,3.6,ml,,,,1.23,us,usc000ts6i,2015-05-12T20:29:38.040Z,"7km ESE of Tojsici, Bosnia and Herzegovina",earthquake,5.2,7.1,,,reviewed,sors,sors
2015-02-21T19:10:12.080Z,45.7301,26.6366,143.7,4.2,ml,,25,0.12,0.71,us,usc000ts68,2015-05-12T20:29:38.040Z,"6km WNW of Nereju, Romania",earthquake,5.2,5.3,0.3,4,reviewed,buc,buc
2015-02-17T19:42:53.600Z,44.167,11.407,7.2,3.9,mwr,,,,1.47,us,usb000tq38,2015-05-11T23:20:21.040Z,"5km NNE of Firenzuola, Italy",earthquake,4.3,4.6,0.083,14,reviewed,rom,us
2015-02-13T18:46:01.860Z,60.2176,60.342,10.27,4.2,mb,,85,3.913,1.41,us,usb000tqb8,2015-05-11T23:20:12.040Z,"21km E of Tretiy Severnyy, Russia",earthquake,7.5,5.2,0.175,12,reviewed,us,us
2015-02-05T21:49:40.070Z,43.2599,20.8852,8.2,3.8,mb,,126,0.64,0.95,us,usc000tmk4,2015-05-04T22:47:42.040Z,"18km NNE of Leposavic, Kosovo",earthquake,3.2,1.8,0.359,2,reviewed,buc,us
2015-02-05T06:16:46.720Z,42.7257,26.0496,10,4.2,mb,,35,0.904,1,us,usc000tlv3,2015-05-04T22:47:40.040Z,"12km ENE of Tvurditsa, Bulgaria",earthquake,2.5,1.9,0.186,14,reviewed,us,us
2015-02-03T05:56:30.500Z,50.5147,34.1273,10,4.4,mb,,47,3.129,1.33,us,usc000tl6n,2015-05-02T14:07:34.040Z,"18km NNE of Hadyach, Ukraine",earthquake,2.5,1.9,0.109,28,reviewed,us,us
2015-01-30T00:45:49.700Z,46.41,13.14,6,4.4,ml,,,,1.27,us,usc000tk97,2015-05-02T14:05:32.040Z,"4km W of Moggio Udinese, Italy",earthquake,2.6,5.7,0.5,18,reviewed,rom,zamg
2015-01-28T22:51:59.090Z,45.6413,26.4919,127.5,4.1,mb,,20,0.18,0.79,us,usc000tjxu,2015-04-24T16:55:46.040Z,"18km NNE of Gura Teghii, Romania",earthquake,3.9,4.4,0.26,4,reviewed,buc,us
2015-01-28T01:10:42.780Z,51.5442,16.2365,5,4.3,mb,,31,1.955,1.21,us,usb000tise,2015-04-24T16:54:44.040Z,"4km NNW of Rudna, Poland",earthquake,3.8,1.9,0.201,10,reviewed,us,us
2015-01-24T07:55:47.060Z,45.6965,26.5708,84.5,4.5,mb,,48,0.2,0.92,us,usc000tisi,2015-04-24T16:55:18.040Z,"11km W of Nereju, Romania",earthquake,3.7,4.7,0.095,36,reviewed,buc,us
2015-01-23T06:51:20.000Z,44.1293,11.1357,9.7,4.5,mwr,,,,0.91,us,usc000tijd,2015-04-24T16:55:10.040Z,"2km WSW of Castiglione dei Pepoli, Italy",earthquake,3.7,4.3,0.071,19,reviewed,rom,us
2015-01-22T23:19:24.590Z,43.6298,45.5471,10,4.2,mb,,35,1.924,1,us,usc000tifr,2015-04-24T16:55:07.040Z,"6km NNE of Kalinovskaya, Russia",earthquake,6.6,1.9,0.113,24,reviewed,us,us
2015-01-22T15:52:30.710Z,42.3624,74.9514,21.25,4.9,mb,,50,0.435,0.99,us,usc000tiaa,2015-04-24T16:55:03.040Z,"57km SSW of Staraya Pokrovka, Kyrgyzstan",earthquake,6.5,5.1,0.066,77,reviewed,us,us
2015-01-21T01:30:08.700Z,42.7405,20.3708,11.49,4.4,mb,,32,0.876,0.74,us,usc000thpm,2015-04-20T16:05:38.040Z,"3km N of Dubovo, Kosovo",earthquake,3.9,2.5,0.117,24,reviewed,us,us
2015-01-20T09:30:55.250Z,49.0185,78.8175,10,4.9,mb,,52,1.703,0.76,us,usc000them,2015-04-20T16:05:36.040Z,"33km WNW of Qarauyl, Kazakhstan",earthquake,6,1.9,0.048,150,reviewed,us,us
2015-01-19T23:53:07.090Z,45.8756,27.1509,40,4,mb,,39,0.13,0.96,us,usc000thcc,2015-04-20T16:05:36.040Z,"4km NE of Tifesti, Romania",earthquake,2.9,5.6,0.144,17,reviewed,buc,us
2015-01-12T06:08:31.020Z,45.533,27.0418,17.8,4.2,mb,,59,0.16,1.14,us,usc000terv,2015-04-10T18:56:30.040Z,"1km SSW of Bordesti, Romania",earthquake,1.7,2.9,0.159,15,reviewed,buc,us
2015-01-04T19:40:38.090Z,45.5605,26.4225,119.3,4.3,mb,,69,0.2,0.96,us,usc000tbn6,2015-03-27T07:01:46.040Z,"8km N of Gura Teghii, Romania",earthquake,2.6,3.6,0.129,17,reviewed,buc,us
2015-01-04T13:58:05.350Z,64.4112,60.5337,13.64,4.4,mb,,50,7.892,0.77,us,usc000tbm0,2015-03-27T07:01:45.040Z,"24km NW of Saranpaul', Russia",earthquake,9.8,5.3,0.087,40,reviewed,us,us
2015-01-03T03:39:35.000Z,45.7819,26.6671,75.8,4.2,mb,,26,0.07,0.45,us,usc000tbdi,2015-03-27T07:01:21.040Z,"3km W of Paltin, Romania",earthquake,3.3,5.1,0.371,5,reviewed,buc,us
2014-12-24T15:41:21.680Z,43.2808,20.8279,10,4.3,mb,,37,1.017,1,us,usc000t9uf,2015-03-17T02:36:58.040Z,"19km N of Leposavic, Kosovo",earthquake,4.2,1.9,0.217,6,reviewed,us,us
2014-12-19T10:36:30.000Z,43.606,11.258,7.1,3.9,mb,,,,1.2,us,usc000t87n,2015-03-06T02:59:03.040Z,"5km WNW of Greve, Italy",earthquake,2.3,6,0.296,3,reviewed,rom,us
2014-12-19T09:39:41.190Z,43.604,11.255,9.3,3.8,ml,,,,1.15,us,usc000t870,2015-03-06T02:59:03.040Z,"5km WNW of Greve, Italy",earthquake,5.6,7.8,,,reviewed,rom,rom
2014-12-12T08:25:38.080Z,45.7388,26.7849,120.1,4,ml,,56,0.13,0.69,us,usc000t5wh,2015-03-04T21:54:59.040Z,"3km WSW of Andreiasu de Jos, Romania",earthquake,4.2,5.7,0.3,1,reviewed,buc,buc
2014-12-07T21:04:05.010Z,45.9073,27.1727,38.3,4.6,mb,,66,0.17,0.89,us,usc000t4ga,2015-02-28T02:16:13.040Z,"5km WNW of Marasheshty, Romania",earthquake,2.3,4.1,0.126,22,reviewed,buc,us
2014-11-30T16:28:14.500Z,51.26,19.07,10,4.5,mb,,,,1.24,us,usb000t1ew,2015-02-24T00:35:14.040Z,"8km SSW of Szczercow, Poland",earthquake,4.5,3.9,0.171,13,reviewed,csem,us
2014-11-30T09:34:25.800Z,44.57,9.43,12,4,ml,,,,1.36,us,usb000t1db,2015-02-24T00:35:13.040Z,"3km NNW of Santo Stefano d'Aveto, Italy",earthquake,4.9,5.7,,,reviewed,rom,ldg
2014-11-24T19:05:01.360Z,43.1146,45.8854,10,4.7,mb,,82,2.261,1.48,us,usb000szma,2015-02-18T03:30:57.040Z,"8km SSW of Germenchuk, Russia",earthquake,5.6,1.9,0.088,39,reviewed,us,us
2014-11-22T19:14:16.370Z,45.8977,27.1505,32,5.6,mww,,13,0.149,0.86,us,usb000sz38,2017-10-11T21:00:03.480Z,"5km E of Panciu, Romania",earthquake,2.9,1.8,,,reviewed,us,us
2014-11-12T02:20:51.510Z,43.9412,21.1096,10,3,ml,,67,0.821,0.74,us,usc000sws8,2015-02-12T01:42:35.040Z,"13km WSW of Jagodina, Serbia",earthquake,5.8,2,,,reviewed,us,buc
2014-11-03T13:09:59.050Z,45.5715,26.4019,118.7,4.3,mb,,71,0.16,1,us,usc000stnd,2015-01-20T09:03:14.040Z,"9km N of Gura Teghii, Romania",earthquake,4.2,4.3,0.113,26,reviewed,buc,us
2014-10-31T23:00:04.000Z,45.1647,22.2912,4.1,4.1,mwr,,74,0.41,1,us,usc000st9z,2015-01-30T23:29:41.210Z,"1km NNE of Teregova, Romania",earthquake,3.1,1.7,0.053,34,reviewed,buc,us
2014-10-26T03:53:10.180Z,51.5543,16.0681,2.08,4.1,mb,,33,1.934,0.93,us,usb000sqpf,2015-01-17T01:25:39.040Z,"5km N of Polkowice, Poland",earthquake,4,5.2,0.525,3,reviewed,us,us
2014-10-02T04:43:35.090Z,45.17,16.38,10,3.9,mb,,21,1.78,0.34,us,usb000si29,2014-12-23T01:41:57.040Z,"7km WNW of Dobrljin, Bosnia and Herzegovina",earthquake,5.5,4.8,0.514,4,reviewed,zamg,us
2014-09-30T15:12:40.020Z,43.0647,18.2413,4,4.4,mb,,144,0.98,1.64,us,usb000shdf,2014-12-20T00:54:04.040Z,"17km NE of Ljubinje, Bosnia and Herzegovina",earthquake,3.6,4.7,0.144,16,reviewed,buc,us
2014-09-22T22:13:17.420Z,43.2706,62.2361,12.12,4.6,mb,,45,5.583,1.06,us,usb000sf3x,2014-12-19T00:05:26.040Z,"160km E of Taxtako'pir, Uzbekistan",earthquake,7.3,4.5,0.096,36,reviewed,us,us
2014-09-15T13:08:00.880Z,61.5515,14.4391,15.84,4.6,mb,,29,1.385,0.92,us,usb000sci4,2015-01-30T04:40:16.319Z,"41km NNE of AElvdalen, Sweden",earthquake,6.9,3.9,0.052,123,reviewed,us,us
2014-09-10T19:45:58.010Z,45.6066,26.526,107.3,4.7,mb,,82,0.26,1.28,us,usb000sb63,2015-01-29T19:03:13.584Z,"14km NNW of Lopatari, Romania",earthquake,4.7,3.3,0.081,51,reviewed,buc,us
2014-09-07T10:45:02.710Z,44.1401,10.76,12.5,4.4,mb,,56,0.261,1.5,us,usb000sa55,2014-12-05T23:36:38.040Z,"4km N of Cutigliano, Italy",earthquake,5.2,4,0.218,8,reviewed,us,us
2014-08-30T18:16:47.090Z,44.4388,16.3021,18.14,3.9,mwr,,25,2.201,0.74,us,usc000s8b4,2014-11-29T00:09:21.000Z,"27km SE of Orasac, Bosnia and Herzegovina",earthquake,5,6,0.05,39,reviewed,us,us
2014-08-28T17:49:19.870Z,45.671,10.7,2.6,4.1,ml,,,,0.97,us,usc000s7pd,2014-11-29T00:09:18.000Z,"3km ESE of Gargnano, Italy",earthquake,3.7,5.3,,,reviewed,rom,zamg
2014-08-24T07:12:49.030Z,45.6092,26.3172,147.9,4.3,mb,,153,0.38,0.8,us,usb000s5t6,2014-11-22T02:06:32.000Z,"16km NNW of Gura Teghii, Romania",earthquake,4.8,4.3,0.077,48,reviewed,buc,us
2014-08-15T21:42:30.750Z,42.9405,77.4312,21.35,5,mb,,26,0.84,0.81,us,usb000s37z,2015-01-29T16:29:51.715Z,"43km SSE of Talghar, Kazakhstan",earthquake,,3.8,0.041,200,reviewed,us,us
2014-07-31T20:29:04.550Z,42.5649,48.949,38.92,4.6,mb,,43,3.24,1.19,us,usb000ryzd,2014-10-29T19:52:52.000Z,"77km NE of Derbent, Russia",earthquake,,6.8,0.052,111,reviewed,us,us
2014-07-05T12:04:57.060Z,51.5639,16.1294,5,4.3,mb,,32,1.973,1.04,us,usc000rqsx,2014-10-04T19:59:55.000Z,"4km SW of Grebocice, Poland",earthquake,,1.9,0.129,17,reviewed,us,us
2014-06-24T19:39:53.090Z,43.8088,24.4734,17.9,4.1,mwr,,67,0.2,1.17,us,usc000rlct,2014-09-19T17:23:39.000Z,"3km NW of Corabia, Romania",earthquake,,5.7,0.098,10,reviewed,buc,us
2014-06-21T06:30:04.490Z,49.5578,72.9491,14.92,4.8,mb,,29,3.825,0.73,us,usc000rjds,2015-01-30T17:20:37.923Z,"10km SE of Abay, Kazakhstan",earthquake,,3.1,0.053,121,reviewed,us,us
2014-06-19T13:52:20.340Z,43.8261,17.06,29.01,4.3,mb,,44,2.131,0.75,us,usb000rgw4,2014-09-19T17:21:59.000Z,"4km E of Livno, Bosnia and Herzegovina",earthquake,,6.1,0.308,5,reviewed,us,us
2014-06-07T03:34:53.440Z,66.8355,10.0256,10,4.2,mb,,130,5.592,1.13,us,usc000risy,2014-08-30T17:02:57.000Z,"98km WNW of Husoya, Norway",earthquake,,2,0.263,4,reviewed,us,us
2014-06-02T08:07:27.980Z,43.5991,45.4897,10,4.8,mb,,30,1.885,1.09,us,usc000ra1l,2014-08-26T01:21:10.000Z,"3km NW of Kalinovskaya, Russia",earthquake,,1.8,0.058,92,reviewed,us,us
2014-05-31T10:37:20.310Z,50.1965,12.4098,10,3.8,mwr,,44,0.918,0.68,us,usc000r9ff,2015-01-29T03:09:17.453Z,"4km NE of Skalna, Czech Republic",earthquake,,1.9,0.063,24,reviewed,us,us
2014-05-29T07:24:18.170Z,46.117,13.876,6.9,3.7,ml,,,,0.96,us,usc000r8h1,2014-08-26T01:21:03.000Z,"8km W of Cerkno, Slovenia",earthquake,,7.9,,,reviewed,rom,rom
2014-05-28T02:25:59.670Z,42.5547,74.816,9.92,4.2,mb,,86,0.251,0.79,us,usb000r68x,2014-08-26T01:21:01.000Z,"37km S of Kant, Kyrgyzstan",earthquake,,4.8,0.236,5,reviewed,us,us
2014-05-04T23:29:53.950Z,43.1397,18.4825,18.69,4,ml,,25,0.912,0.91,us,usb000q9zh,2014-07-27T21:51:21.000Z,"5km SW of Gacko, Bosnia and Herzegovina",earthquake,,5.4,0.35,2,reviewed,us,buc
2014-04-27T08:40:59.960Z,42.4561,18.8998,11.3,3.8,ml,,63,0.268,0.89,us,usb000q162,2014-07-14T20:11:20.000Z,"7km N of Cetinje, Montenegro",earthquake,,6.5,0.3,1,reviewed,us,buc
2014-04-27T01:42:57.230Z,43.0196,45.8841,10,4.6,mb,,33,1.542,0.8,us,usb000q0yn,2014-07-14T20:11:19.000Z,"12km E of Duba-Yurt, Russia",earthquake,,1.7,0.066,82,reviewed,us,us
2014-04-24T18:34:39.270Z,42.7576,77.9153,27.61,4.3,mb,,94,0.838,0.95,us,usb000qqu7,2014-07-14T20:11:13.000Z,"37km W of Tyup, Kyrgyzstan",earthquake,,3.3,0.306,4,reviewed,us,us
2014-04-22T08:58:26.490Z,45.634,14.256,4.6,4.5,mwr,,,,0.74,us,usb000ptk3,2015-01-28T23:49:02.869Z,"6km SE of Pivka, Slovenia",earthquake,,2.2,0.065,23,reviewed,rom,us
2014-04-14T23:16:31.370Z,43.5827,44.2948,10,4,mb,,52,1.024,1.46,us,usb000qq5d,2014-07-01T02:38:09.000Z,"16km NE of Terek, Russia",earthquake,,1.9,0.125,17,reviewed,us,us
2014-04-03T12:38:57.040Z,45.4746,26.4005,124.1,4.6,mb,,79,0.23,1.05,us,usc000p2ua,2015-01-30T22:04:16.859Z,"1km SW of Gura Teghii, Romania",earthquake,,3.7,0.099,32,reviewed,buc,us
2014-03-29T19:18:04.100Z,45.5782,26.4271,135.7,4.7,mb,,115,0.2,0.77,us,usc000nw6b,2015-01-29T16:25:15.460Z,"10km N of Gura Teghii, Romania",earthquake,,3.3,0.052,115,reviewed,buc,us
2014-03-29T01:55:16.040Z,45.35,26.2472,147.1,4.1,mb,,18,0.25,0.55,us,usc000nvjh,2014-05-29T23:32:07.000Z,"3km E of Chiojdu, Romania",earthquake,,4.8,0.523,3,reviewed,buc,us
2014-03-26T19:46:29.010Z,45.6409,26.5562,132.7,4.6,mb,,71,0.22,0.84,us,usc000nrts,2014-05-29T23:32:05.000Z,"14km WNW of Vintileasca, Romania",earthquake,,4,0.107,29,reviewed,buc,us
2014-03-20T05:47:17.050Z,51.5487,16.0424,10,4,mb,,32,1.918,0.78,us,usc000ni17,2014-05-24T00:54:34.000Z,"5km NNW of Polkowice, Poland",earthquake,,1.9,0.3,10,reviewed,us,us
2014-03-16T06:32:24.350Z,51.6344,16.1055,5,4.1,mb,,34,1.968,0.97,us,usc000nd72,2014-05-16T21:51:43.000Z,"3km SSE of Glogow, Poland",earthquake,,1.9,0.174,12,reviewed,us,us
2014-03-16T05:32:13.760Z,42.4158,78.0695,24.28,4.3,mb,,68,1.577,0.98,us,usc000nd5z,2014-05-16T21:51:43.000Z,"9km NNE of Kyzyl-Suu, Kyrgyzstan",earthquake,,5.8,0.218,9,reviewed,us,us
2014-03-13T17:31:59.000Z,45.75,14.85,2,4.4,mb,,39,0.79,0.95,us,usc000nacg,2014-05-16T21:51:39.000Z,"9km E of Ribnica, Slovenia",earthquake,,3.6,0.112,27,reviewed,zamg,us
2014-03-07T15:18:25.870Z,43.9555,43.0896,6.32,4.1,mb,,55,0.266,1.26,us,usc000n4vr,2014-05-15T02:23:29.000Z,"5km NE of Etoka, Russia",earthquake,,4.3,0.234,5,reviewed,us,us
2014-03-02T03:34:27.410Z,44.3132,34.3938,9.87,4.1,ml,,82,0.666,0.92,us,usb000mzbf,2014-05-13T21:36:47.000Z,"25km SSE of Nikita, Ukraine",earthquake,,1.5,,,reviewed,us,isk
2014-02-24T00:22:53.070Z,45.7205,26.6776,106.7,4.4,mb,,62,0.13,1,us,usc000mx4w,2014-05-07T00:03:09.000Z,"3km W of Nereju, Romania",earthquake,,3.9,0.09,35,reviewed,buc,us
2014-02-03T00:26:31.070Z,45.6743,26.471,135,4.1,mb,,25,0.21,0.74,us,usc000mfty,2014-04-08T01:43:24.000Z,"18km ESE of Comandau, Romania",earthquake,,4.1,0.12,21,reviewed,buc,us
2014-01-28T00:03:32.490Z,45.0044,17.1207,8.99,3.9,mwr,,27,0.259,0.99,us,usb000m9eg,2014-03-27T18:15:46.000Z,"17km NW of Laktasi, Bosnia and Herzegovina",earthquake,,5,0.093,11,reviewed,us,us
2014-01-26T19:06:40.820Z,43.2661,19.8723,4.82,4.1,mb,,28,0.949,0.91,us,usb000m8h4,2014-03-27T18:15:43.000Z,"13km N of Osjecenik, Serbia",earthquake,,1.9,0.174,13,reviewed,us,us
2014-01-23T06:15:05.000Z,45.4215,26.2587,127,4.7,mb,,53,0.23,1.24,us,usb000m6js,2015-01-30T11:04:53.389Z,"3km W of Nehoiu, Romania",earthquake,,3.7,0.084,44,reviewed,buc,us
2014-01-19T01:34:34.000Z,48.0527,19.3481,3.1,4,mwr,,119,0.39,0.72,us,usb000m402,2014-03-22T00:05:23.000Z,"4km ESE of Balassagyarmat, Hungary",earthquake,,3.7,0.078,16,reviewed,buc,us
2014-01-12T18:26:02.030Z,45.5036,26.3878,137,3.9,mb,,79,0.23,1.09,us,usc000m1n2,2014-03-15T03:39:19.000Z,"3km NW of Gura Teghii, Romania",earthquake,,2.5,0.194,10,reviewed,buc,us
2013-12-29T19:22:12.050Z,45.6365,26.4553,145,4.3,mb,,21,0.2,0.46,us,usc000ltty,2014-02-28T08:44:13.000Z,"17km N of Gura Teghii, Romania",earthquake,,4.9,0.533,,reviewed,buc,us
2013-12-29T06:54:58.380Z,43.0937,17.2425,10,4.2,mwr,,21,1.627,1.25,us,usc000ltkk,2015-01-31T01:46:46.402Z,"13km NNE of Orebic, Croatia",earthquake,,1.8,0.056,,reviewed,us,us
2013-12-22T10:06:35.000Z,43.383,12.519,8.3,3.9,mwr,,,,1.07,us,usc000lpxk,2014-02-27T21:37:27.000Z,"5km NW of Gubbio, Italy",earthquake,,5.9,0.063,,reviewed,rom,us
2013-12-17T05:27:40.980Z,42.3957,48.2168,47.06,4.3,mb,,84,2.674,1.33,us,usc000lnt9,2014-02-27T21:37:19.000Z,"18km E of Novokayakent, Russia",earthquake,,8.9,0.177,,reviewed,us,us
2013-12-12T00:59:18.700Z,47.0555,9.4931,2.6,3.6,mwr,,,,1.28,us,usc000linq,2014-02-21T23:00:53.000Z,"1km SSW of Balzers, Liechtenstein",earthquake,,6.4,0.065,,reviewed,zur,us
2013-12-10T18:33:08.790Z,42.4178,19.2407,30.68,4.6,mb,,37,0.019,1.18,us,usc000lhi1,2014-02-21T23:00:50.000Z,"3km SW of Podgorica, Montenegro",earthquake,,5.3,0.082,,reviewed,us,us
2013-11-30T20:13:38.000Z,42.638,13.217,11.4,4,mb,,,,1.05,us,usb000l8jb,2014-02-12T01:08:39.000Z,"6km W of Amatrice, Italy",earthquake,,4.7,0.183,,reviewed,rom,us
2013-11-23T09:42:07.850Z,42.5262,75.7113,9.76,4.9,mb,,56,0.173,0.97,us,usb000l53i,2015-01-30T16:44:41.863Z,"28km S of Kemin, Kyrgyzstan",earthquake,,2.7,0.087,,reviewed,us,us
2013-11-21T06:38:52.050Z,45.793,26.7264,89.9,4.4,mb,,105,0.07,1.14,us,usb000l3cy,2014-02-11T02:18:53.000Z,"1km NE of Paltin, Romania",earthquake,,3.8,0.143,,reviewed,buc,us
2013-11-18T13:15:04.000Z,42.8982,20.9716,10,4.1,mwr,,133,1.34,0.89,us,usb000l1as,2015-01-30T06:17:19.971Z,"8km E of Mitrovice, Kosovo",earthquake,,4.2,0.068,,reviewed,buc,us
2013-11-18T07:58:43.550Z,43.6684,16.8583,19.92,4.9,mb,,20,1.105,0.65,us,usb000l16u,2015-01-30T18:13:01.225Z,"10km ESE of Otok, Croatia",earthquake,,3.6,0.04,,reviewed,us,us
2013-11-17T08:14:14.620Z,42.8951,21.0147,10.17,3.9,ml,,37,1.374,0.6,us,usb000l0g8,2014-01-31T21:22:23.000Z,"8km NNE of Vushtrri, Kosovo",earthquake,,6,0.35,,reviewed,us,buc
2013-11-16T07:42:31.530Z,43.0119,21.1513,10,2.9,ml,,161,1.509,1.21,us,usb000kzsn,2014-01-31T21:22:22.000Z,"11km NNW of Podujeva, Kosovo",earthquake,,2,,,reviewed,us,tir
2013-11-16T03:49:46.470Z,42.3759,40.909,13.72,4.1,ml,,74,0.968,1.59,us,usb000l3lk,2014-01-31T21:22:22.000Z,"59km SW of Och'amch'ire, Georgia",earthquake,,6.5,,,reviewed,us,azer
2013-11-07T14:34:53.060Z,45.7094,26.7098,136.2,4.2,mb,,31,0.15,0.76,us,usb000kx54,2014-01-17T00:29:11.000Z,"0km SSW of Nereju, Romania",earthquake,,3.6,0.265,,reviewed,buc,us
2013-10-19T12:29:35.000Z,43.675,10.274,9.9,3.4,ml,,,,0.69,us,usb000kh85,2013-12-30T23:41:14.000Z,"5km NNW of Tirrenia, Italy",earthquake,,6.6,,,reviewed,rom,rom
2013-10-15T19:33:12.720Z,45.6372,26.5356,140.4,4.9,mb,,14,0.439,1.04,us,usb000kdz1,2015-01-29T21:45:11.353Z,"15km WNW of Vintileasca, Romania",earthquake,,4.6,0.042,,reviewed,us,us
2013-10-06T01:37:20.860Z,45.7013,26.5781,127,5.3,mww,,15,0.491,1.05,us,usb000k7k2,2015-01-28T13:09:36.707Z,"10km W of Nereju, Romania",earthquake,,1.8,,,reviewed,us,us
2013-10-02T17:17:36.580Z,47.963,16.4462,11.55,3.6,mwr,,62,1.954,0.49,us,usb000k4pl,2015-01-30T15:53:29.430Z,"2km SW of Mitterndorf an der Fischa, Austria",earthquake,,7.8,0.071,,reviewed,us,us
2013-09-30T05:01:57.740Z,45.487,27.794,4.9,4.1,mb,,,,1.28,us,usb000k2gp,2013-12-13T09:00:37.000Z,"2km SW of Schela, Romania",earthquake,,5.6,0.14,,reviewed,buc,us
2013-09-29T18:10:51.000Z,45.49,27.84,5,4.1,mb,,,,1.83,us,usb000k28u,2013-12-13T09:00:36.000Z,"2km ESE of Schela, Romania",earthquake,,1.9,0.165,,reviewed,buc,us
2013-09-24T09:10:42.820Z,42.8989,69.4753,11.72,4.6,mb,,40,0.787,1.24,us,usb000jyhx,2013-12-13T09:00:31.000Z,"16km SSE of Shayan, Kazakhstan",earthquake,,5.3,0.386,,reviewed,us,us
2013-09-24T01:21:28.010Z,42.8712,69.4673,16.91,4.3,mb,,35,0.8,1.06,us,usb000jyg0,2013-12-13T09:00:31.000Z,"19km SSE of Shayan, Kazakhstan",earthquake,,4.8,0.188,,reviewed,us,us
2013-09-22T22:55:01.000Z,43.88,19.89,14,2.8,ml,,,,1.04,us,usb000jz93,2013-12-09T21:11:13.000Z,"4km NE of Uzice, Serbia",earthquake,,4.8,,,reviewed,pdg,beo
2013-09-20T02:06:34.300Z,47.9234,16.4705,14.57,4.2,mwr,,81,1.985,0.96,us,usb000jwhq,2015-01-30T12:59:58.583Z,"1km SSE of Leithaprodersdorf, Austria",earthquake,,7.1,,,reviewed,us,csem
2013-09-08T13:22:12.630Z,45.6097,22.8657,5,4.6,mb,,,,0.75,us,usb000jlkt,2015-01-30T07:40:07.569Z,"1km WSW of Unirea, Romania",earthquake,,4.7,0.137,,reviewed,us_buc,us
2013-09-08T13:00:42.500Z,45.59,22.9,10,4.3,mb,,,,0.59,us,usb000jlkd,2013-11-15T03:20:29.000Z,"2km NNE of Totesti, Romania",earthquake,,5.5,0.308,,reviewed,us_buc,us
2013-09-01T15:00:46.000Z,44.173,10.146,10.1,2.9,ml,,,,0.73,us,usb000jeq1,2013-11-06T01:33:39.000Z,"3km SW of Casola in Lunigiana, Italy",earthquake,,7.6,,,reviewed,us_rom,us_rom
2013-08-24T13:59:01.000Z,46.219,12.496,9.2,3.6,ml,,,,1.61,us,usb000jb7t,2015-01-31T02:19:08.122Z,"5km SSW of Claut, Italy",earthquake,,6.2,,,reviewed,us_rom,us_rom
2013-08-22T06:44:50.000Z,43.583,13.804,7.9,4.3,mwr,,,,1.38,us,usb000j960,2015-01-30T03:07:19.243Z,"16km ENE of Sirolo, Italy",earthquake,,4.3,0.065,,reviewed,us_rom,us
2013-08-14T22:18:55.000Z,44.166,10.195,6.5,3.9,mb,,,,1.15,us,usb000j3ki,2015-01-31T04:17:35.955Z,"1km WSW of Minucciano, Italy",earthquake,,5.3,0.257,,reviewed,us_rom,us
2013-08-13T06:14:36.050Z,43.1218,27.4906,2,3.9,ml,,,,0.68,us,usb000j1yc,2013-10-19T02:41:41.000Z,"8km SE of Provadiya, Bulgaria",earthquake,,6.6,,,reviewed,us_buc,us_buc
2013-08-11T13:31:08.760Z,45.7937,26.6976,100,4.3,mb,,,,1.18,us,usb000j0p4,2013-10-12T21:32:35.000Z,"1km NW of Paltin, Romania",earthquake,,7.7,0.201,,reviewed,us_buc,us
2013-08-09T10:44:08.000Z,47.242,11.473,6.4,3.7,ml,,,,1.65,us,usb000izfh,2015-01-31T00:00:03.921Z,"1km ENE of Sistrans, Austria",earthquake,,6.8,,,reviewed,us_rom,us_zamg
2013-07-30T12:58:30.350Z,45.07,15.023,11.1,4.4,mb,105,35,,1.24,us,usc000ishs,2015-01-30T06:02:45.080Z,"16km NNW of Brinje, Croatia",earthquake,,3.7,,19,reviewed,us,us
2013-07-21T03:07:24.000Z,43.52,13.71,10,4.2,mb,75,100,,,us,usb000iiv1,2014-11-07T01:51:18.812Z,"8km E of Sirolo, Italy",earthquake,,,,23,reviewed,rom,us
2013-07-21T01:32:24.000Z,43.501,13.668,8.4,5.4,mb,111,100,,,us,usb000iiu5,2015-01-29T18:57:33.602Z,"10km E of Numana, Italy",earthquake,,,,278,reviewed,rom,us
2013-07-20T03:30:55.000Z,47.421,9.32,4.2,3.6,ml,18,100,,,us,usb000iid5,2014-11-07T01:51:18.516Z,"3km ESE of Andwil, Switzerland",earthquake,,,,,reviewed,zur,zur
2013-07-11T04:32:21.000Z,43.81,12.03,8,4.1,mwr,85,100,,,us,usb000ibxp,2015-01-30T17:12:01.401Z,"2km W of Verghereto, Italy",earthquake,,,,,reviewed,rom,us
2013-06-30T14:40:09.570Z,44.134,10.152,10.2,4.9,mb,147,44,,1.09,us,usb000i3rs,2015-01-29T21:14:35.448Z,"2km WNW of Minucciano, Italy",earthquake,,1.8,,49,reviewed,us,us
2013-06-23T21:16:34.950Z,48.054,33.374,14.9,4.5,mb,95,21,,1.21,us,usc000hykp,2014-11-07T01:51:06.980Z,"5km E of Lozuvatka, Ukraine",earthquake,,3.7,,51,reviewed,us,us
2013-06-23T15:01:35.090Z,44.137,10.135,10.1,4.7,mb,129,44,,1.33,us,usc000hyhh,2015-01-30T00:18:11.152Z,"2km ENE of Casola in Lunigiana, Italy",earthquake,,1.8,,33,reviewed,us,us
2013-06-23T13:13:43.590Z,44.193,10.197,12.3,4,mb,43,56,,0.91,us,usc000hyh1,2014-11-07T01:51:06.891Z,"0km SSE of Casola in Lunigiana, Italy",earthquake,,3.2,,5,reviewed,us,us
2013-06-21T14:23:22.000Z,44.16,10.14,8,4.5,mb,23,100,,,us,usp000k1d6,2014-11-07T01:51:06.558Z,northern Italy,earthquake,,,,6,reviewed,rom,us
2013-06-21T12:19:58.000Z,44.168,10.12,4.4,4.1,mb,85,100,,,us,usc000hx23,2014-11-07T01:51:06.524Z,"2km ESE of Fivizzano, Italy",earthquake,,,,11,reviewed,rom,us
2013-06-21T12:12:42.340Z,44.271,10.129,10,4.5,mb,69,56,,0.7,us,usc000hx22,2014-11-07T01:51:06.518Z,"7km N of Fivizzano, Italy",earthquake,,,,28,reviewed,us,us
2013-06-21T10:33:57.000Z,44.153,10.135,5.1,5.2,mwr,393,100,,,us,usc000hx16,2016-10-30T07:45:49.433Z,"2km SSW of Fivizzano, Italy",earthquake,,,,,reviewed,rom,us
2013-06-16T20:04:59.760Z,45.81,14.868,10,4,mb,33,65,,1.1,us,usc000hsbu,2014-11-07T01:51:05.172Z,"5km WSW of Zuzemberk, Slovenia",earthquake,,,,3,reviewed,us,us
2013-06-15T19:41:16.000Z,44.159,10.169,9.9,3.4,ml,22,100,,,us,us2013rlek,2014-11-07T01:51:04.877Z,"3km WSW of Minucciano, Italy",earthquake,,,,,reviewed,rom,rom
2013-06-05T18:45:46.900Z,48.024,19.246,6.2,4.1,mb,32,44,,0.87,us,usc000hg54,2015-01-30T11:03:02.363Z,"4km ENE of Ersekvadkert, Hungary",earthquake,,5,,2,reviewed,us,us
2013-05-28T00:09:52.520Z,43.252,41.662,4.8,5.1,mwr,90,26,,1.4,us,usb000h78n,2015-01-30T13:01:27.161Z,"27km SSW of Teberda, Russia",earthquake,,4.3,,,reviewed,us,us
2013-05-20T09:24:04.000Z,43.825,17.142,10,4.4,mb,40,41,,0.82,us,usp000k0u5,2014-11-07T01:50:51.117Z,Bosnia and Herzegovina,earthquake,,2.4,,3,reviewed,us,us
2013-05-04T05:11:08.000Z,44.868,11.445,8,3.8,ml,31,100,,,us,usc000gnc2,2015-01-31T02:10:32.775Z,"3km SE of Bondeno, Italy",earthquake,,,,,reviewed,rom,rom
2013-04-22T22:28:47.240Z,47.624,20.227,13,4.4,mwr,124,23.2,,,us,usb000gdw3,2015-01-29T00:57:05.964Z,"1km WNW of Heves, Hungary",earthquake,,,,,reviewed,buc,us
2013-04-17T14:50:33.000Z,43.67,11.14,8,3.3,ml,16,100,,,us,usp000k0a7,2014-11-07T01:50:35.302Z,central Italy,earthquake,,,,,reviewed,rom,rom
2013-04-16T12:26:59.200Z,42.421,47.725,10,4.8,mb,223,35,,1.03,us,usb000g7z8,2014-11-07T01:50:34.643Z,"8km NNE of Sergokala, Russia",earthquake,,,,190,reviewed,us,us
2013-04-11T22:31:33.070Z,43.481,40.944,10,4.6,mb,120,44.2,,1.29,us,usb000g5d0,2014-11-07T01:50:32.990Z,"44km N of Stantsiya Novyy Afon, Georgia",earthquake,,,,59,reviewed,us,us
2013-04-07T11:23:27.740Z,46.189,14.778,10,3.4,ml,32,67.7,,1.01,us,usb000g1mh,2015-01-30T19:30:34.760Z,"6km NNE of Moravce, Slovenia",earthquake,,,,,reviewed,us,zamg
2013-03-31T07:02:37.520Z,42.694,46.798,52.2,4.6,mb,105,34,,0.64,us,usb000fwxk,2014-11-07T01:50:25.390Z,"2km WNW of Gimry, Russia",earthquake,,4.8,,1,reviewed,us,us
2013-03-28T16:13:40.860Z,42.343,18.839,4.7,4.3,mb,80,54.7,,0.99,us,usb000fun3,2014-11-07T01:50:24.123Z,"3km N of Budva, Montenegro",earthquake,,6.6,,18,reviewed,us,us
2013-03-26T23:35:24.540Z,43.219,41.637,10,5.1,mb,313,24.6,,0.81,us,usb000ftet,2014-11-07T01:50:23.685Z,"26km SSW of Teberda, Russia",earthquake,,,,219,reviewed,us,us
2013-03-22T01:05:33.220Z,61.441,69.542,10,4.2,mb,49,46.9,,1.13,us,us2013nbb3,2014-11-07T01:50:22.325Z,"56km NNE of Khanty-Mansiysk, Russia",earthquake,,,,11,reviewed,us,us
2013-03-19T21:09:51.220Z,51.52,16.02,1,4.7,mb,240,29.2,,1.13,us,usb000fp74,2015-01-30T02:11:25.419Z,"3km WNW of Polkowice, Poland",rock burst,,,,148,reviewed,us,us
2013-03-16T00:34:18.080Z,46.189,27.096,15,4.2,mb,39,67.8,,,us,usb000flqq,2014-11-07T01:50:20.662Z,"3km WNW of Urechesti, Romania",earthquake,,,,7,reviewed,buc,us
2013-02-15T03:20:26.000Z,55.15,61.41,0,4.2,mblg,11,135.7,,,us,usc000f7rz,2015-01-31T00:18:45.141Z,"1km WSW of Chelyabinsk, Russia",earthquake,,,,,reviewed,spec,us
2013-02-12T19:19:13.670Z,42.543,70.907,24.8,4.4,mb,91,33,,1.06,us,usc000f622,2014-11-07T01:50:06.977Z,"45km E of Turar Ryskulov, Kazakhstan",earthquake,,6.5,,24,reviewed,us,us
2013-02-04T04:29:46.650Z,43.686,16.398,10,4,mwr,72,30.3,,1.21,us,usp000jyzs,2015-03-24T18:29:20.859Z,Croatia,earthquake,,,,,reviewed,us,us
2013-02-03T12:00:59.940Z,43.182,18.731,13.1,4,ml,44,58.8,,,us,us2013lede,2014-11-07T01:50:00.301Z,"15km E of Gacko, Bosnia and Herzegovina",earthquake,,,,,reviewed,pdg,pdg
2013-02-03T03:37:15.100Z,43.27,18.72,10,4,ml,25,103.8,,,us,usp000jyyz,2014-11-07T01:50:00.111Z,Bosnia and Herzegovina,earthquake,,,,,reviewed,pdg,pdg
2013-02-02T13:35:33.000Z,46.49,14.62,10,4,mwr,144,25.2,,,us,usp000jyyg,2015-03-24T18:24:47.303Z,Austria,earthquake,,,,,reviewed,rom,us
2013-01-28T16:46:52.810Z,42.489,79.418,10,4.3,ml,17,109.6,,0.7,us,usp000jyvn,2014-11-07T01:49:54.168Z,Kyrgyzstan,earthquake,,,,,reviewed,us,us
2013-01-25T18:52:26.220Z,43.251,18.653,10,4,mwr,86,31.9,,1.19,us,usp000jytu,2014-11-07T01:49:53.253Z,Bosnia and Herzegovina,earthquake,,,,,reviewed,us,us
2013-01-25T14:48:18.000Z,44.168,10.454,15.5,4.9,mwr,111,26.9,,,us,usp000jytq,2015-03-24T18:26:42.435Z,northern Italy,earthquake,,,,,reviewed,rom,us
2013-01-24T11:00:33.890Z,42.858,46.27,68,4,mb,26,88.9,,0.78,us,usp000jysj,2014-11-07T01:49:53.043Z,"Caucasus region, Russia",earthquake,,6.6,,1,reviewed,us,us
2013-01-17T13:21:49.940Z,43.62,16.377,8.6,4.1,ml,44,79.8,,0.86,us,usp000jyh7,2014-11-07T01:49:51.106Z,Croatia,earthquake,,9.1,,,reviewed,us,pdg
2012-12-25T22:55:50.750Z,42.472,40.96,10,4.4,mb,55,34.2,,1.19,us,usp000jxdh,2015-03-24T01:36:47.678Z,"Black Sea, offshore Georgia",earthquake,,,,7,reviewed,us,us
2012-12-25T22:44:33.510Z,42.436,40.974,10,5.2,mwb,297,17,,1,us,usp000jxdg,2015-03-24T02:01:24.322Z,"Black Sea, offshore Georgia",earthquake,,,,,reviewed,us,us
2012-12-24T06:22:36.340Z,66.882,64.294,10,4.1,mb,48,88.8,,1.13,us,usp000jxbj,2014-11-07T01:49:39.280Z,"Ural Mountains region, Russia",earthquake,,,,9,reviewed,us,us
2012-12-23T13:31:40.760Z,42.42,41.075,15.2,5.7,mww,415,19.7,,0.88,us,usp000jxaj,2017-10-11T20:21:02.664Z,"Black Sea, offshore Georgia",earthquake,,5.5,,,reviewed,us,us
